년월일,호기,구분,총량,평균,최대,최소,최대(시간별),최소(시간별),1,2,3,4,5,6,7,8,9,10,11,12,13,14,15,16,17,18,19,20,21,22,23,24
2020-07-01,1,발전량,305.76 ,13.00 ,53.22 ,0.00 ,53.22 ,0.36 ,0.00 ,0.00 ,0.00 ,0.00 ,0.00 ,0.36 ,5.16 ,10.38 ,17.10 ,23.64 ,40.20 ,53.22 ,29.58 ,28.74 ,31.20 ,28.62 ,34.38 ,2.70 ,0.48 ,0.00 ,0.00 ,0.00 ,0.00 ,0.00 
2020-07-02,1,발전량,255.00 ,11.00 ,34.14 ,0.00 ,34.14 ,0.06 ,0.00 ,0.00 ,0.00 ,0.00 ,0.00 ,0.30 ,2.52 ,7.86 ,16.86 ,27.60 ,34.14 ,26.10 ,22.62 ,22.50 ,14.94 ,16.08 ,29.64 ,19.74 ,14.04 ,0.06 ,0.00 ,0.00 ,0.00 ,0.00 
2020-07-03,1,발전량,130.44 ,5.00 ,22.38 ,0.00 ,22.38 ,0.60 ,0.00 ,0.00 ,0.00 ,0.00 ,0.00 ,0.00 ,2.94 ,4.80 ,9.06 ,13.74 ,10.74 ,8.46 ,12.12 ,22.38 ,21.72 ,14.34 ,5.88 ,3.66 ,0.60 ,0.00 ,0.00 ,0.00 ,0.00 ,0.00 
2020-07-04,1,발전량,202.08 ,8.00 ,33.18 ,0.00 ,33.18 ,1.56 ,0.00 ,0.00 ,0.00 ,0.00 ,0.00 ,0.00 ,1.56 ,8.94 ,17.70 ,27.12 ,28.74 ,14.34 ,12.66 ,33.18 ,21.48 ,23.22 ,11.28 ,1.86 ,0.00 ,0.00 ,0.00 ,0.00 ,0.00 ,0.00 
2020-07-05,1,발전량,309.54 ,13.00 ,45.54 ,0.00 ,45.54 ,3.00 ,0.00 ,0.00 ,0.00 ,0.00 ,0.00 ,0.00 ,3.00 ,9.96 ,18.12 ,21.30 ,22.98 ,38.52 ,34.50 ,43.68 ,45.54 ,34.38 ,17.58 ,14.10 ,5.88 ,0.00 ,0.00 ,0.00 ,0.00 ,0.00 
2020-07-06,1,발전량,93.06 ,4.00 ,19.14 ,0.00 ,19.14 ,0.72 ,0.00 ,0.00 ,0.00 ,0.00 ,0.00 ,0.00 ,0.72 ,1.74 ,2.82 ,9.72 ,19.14 ,12.78 ,7.80 ,16.32 ,6.36 ,4.38 ,4.56 ,4.26 ,2.46 ,0.00 ,0.00 ,0.00 ,0.00 ,0.00 
2020-07-07,1,발전량,366.00 ,15.00 ,52.74 ,0.00 ,52.74 ,2.46 ,0.00 ,0.00 ,0.00 ,0.00 ,0.00 ,0.00 ,3.00 ,7.68 ,15.42 ,24.48 ,39.18 ,45.06 ,52.74 ,49.32 ,47.46 ,32.04 ,33.78 ,13.38 ,2.46 ,0.00 ,0.00 ,0.00 ,0.00 ,0.00 
2020-07-08,1,발전량,355.38 ,15.00 ,46.68 ,0.00 ,46.68 ,2.76 ,0.00 ,0.00 ,0.00 ,0.00 ,0.00 ,0.00 ,2.76 ,5.76 ,14.82 ,28.62 ,34.92 ,42.54 ,27.90 ,46.68 ,44.28 ,44.40 ,37.98 ,20.82 ,3.90 ,0.00 ,0.00 ,0.00 ,0.00 ,0.00 
2020-07-09,1,발전량,139.98 ,6.00 ,31.26 ,0.00 ,31.26 ,0.30 ,0.00 ,0.00 ,0.00 ,0.00 ,0.00 ,0.00 ,1.80 ,4.38 ,10.50 ,17.76 ,11.94 ,29.22 ,31.26 ,11.76 ,10.68 ,5.04 ,3.90 ,1.44 ,0.30 ,0.00 ,0.00 ,0.00 ,0.00 ,0.00 
2020-07-10,1,발전량,133.98 ,6.00 ,33.66 ,0.00 ,33.66 ,0.06 ,0.00 ,0.00 ,0.00 ,0.00 ,0.00 ,0.00 ,0.00 ,0.00 ,0.00 ,0.00 ,0.72 ,8.58 ,17.46 ,8.94 ,19.02 ,33.66 ,22.56 ,12.72 ,10.26 ,0.06 ,0.00 ,0.00 ,0.00 ,0.00 
2020-07-11,1,발전량,242.58 ,10.00 ,40.32 ,0.00 ,40.32 ,0.36 ,0.00 ,0.00 ,0.00 ,0.00 ,0.00 ,0.00 ,2.34 ,8.58 ,13.74 ,19.86 ,31.98 ,36.18 ,32.34 ,40.32 ,32.70 ,15.96 ,4.44 ,3.78 ,0.36 ,0.00 ,0.00 ,0.00 ,0.00 ,0.00 
2020-07-12,1,발전량,65.70 ,3.00 ,10.68 ,0.00 ,10.68 ,1.02 ,0.00 ,0.00 ,0.00 ,0.00 ,0.00 ,0.00 ,1.02 ,4.74 ,7.26 ,4.68 ,6.72 ,4.80 ,10.68 ,9.96 ,6.30 ,3.30 ,4.50 ,1.74 ,0.00 ,0.00 ,0.00 ,0.00 ,0.00 ,0.00 
2020-07-13,1,발전량,48.06 ,2.00 ,11.58 ,0.00 ,11.58 ,0.48 ,0.00 ,0.00 ,0.00 ,0.00 ,0.00 ,0.00 ,0.00 ,0.00 ,0.00 ,0.90 ,4.02 ,6.18 ,7.56 ,11.58 ,9.72 ,4.32 ,1.98 ,1.32 ,0.48 ,0.00 ,0.00 ,0.00 ,0.00 ,0.00 
2020-07-14,1,발전량,50.82 ,2.00 ,11.04 ,0.00 ,11.04 ,0.42 ,0.00 ,0.00 ,0.00 ,0.00 ,0.00 ,0.00 ,0.00 ,0.78 ,1.74 ,2.34 ,7.86 ,5.76 ,11.04 ,7.32 ,4.92 ,6.24 ,1.74 ,0.66 ,0.42 ,0.00 ,0.00 ,0.00 ,0.00 ,0.00 
2020-07-15,1,발전량,81.00 ,3.00 ,14.10 ,0.00 ,14.10 ,0.66 ,0.00 ,0.00 ,0.00 ,0.00 ,0.00 ,0.00 ,0.66 ,5.04 ,7.32 ,8.16 ,14.10 ,10.44 ,6.12 ,6.78 ,5.40 ,5.64 ,6.48 ,4.86 ,0.00 ,0.00 ,0.00 ,0.00 ,0.00 ,0.00 
2020-07-16,1,발전량,401.16 ,17.00 ,56.58 ,0.00 ,56.58 ,0.36 ,0.00 ,0.00 ,0.00 ,0.00 ,0.00 ,0.00 ,2.10 ,7.02 ,15.24 ,23.64 ,32.28 ,40.92 ,41.28 ,32.76 ,54.06 ,56.58 ,48.54 ,29.88 ,16.50 ,0.36 ,0.00 ,0.00 ,0.00 ,0.00 
2020-07-17,1,발전량,466.86 ,19.00 ,59.94 ,0.00 ,59.94 ,3.00 ,0.00 ,0.00 ,0.00 ,0.00 ,0.00 ,0.00 ,3.00 ,4.38 ,12.06 ,27.00 ,39.48 ,49.38 ,56.04 ,59.94 ,58.74 ,56.58 ,48.48 ,35.58 ,16.20 ,0.00 ,0.00 ,0.00 ,0.00 ,0.00 
2020-07-18,1,발전량,246.30 ,10.00 ,36.72 ,0.00 ,36.72 ,0.06 ,0.00 ,0.00 ,0.00 ,0.00 ,0.00 ,0.06 ,6.00 ,10.20 ,18.24 ,19.74 ,27.00 ,29.28 ,15.24 ,25.14 ,23.52 ,36.72 ,26.34 ,8.10 ,0.72 ,0.00 ,0.00 ,0.00 ,0.00 ,0.00 
2020-07-19,1,발전량,76.68 ,3.00 ,10.44 ,0.00 ,10.44 ,0.78 ,0.00 ,0.00 ,0.00 ,0.00 ,0.00 ,0.00 ,0.78 ,6.12 ,9.42 ,7.68 ,7.26 ,10.44 ,7.32 ,6.48 ,7.38 ,5.46 ,5.82 ,2.52 ,0.00 ,0.00 ,0.00 ,0.00 ,0.00 ,0.00 
2020-07-20,1,발전량,227.76 ,9.00 ,52.20 ,0.00 ,52.20 ,1.68 ,0.00 ,0.00 ,0.00 ,0.00 ,0.00 ,0.00 ,0.00 ,1.68 ,5.52 ,7.44 ,4.62 ,13.14 ,8.22 ,26.64 ,45.72 ,52.20 ,50.16 ,9.78 ,2.64 ,0.00 ,0.00 ,0.00 ,0.00 ,0.00 
2020-07-21,1,발전량,253.80 ,11.00 ,40.44 ,0.00 ,40.44 ,2.28 ,0.00 ,0.00 ,0.00 ,0.00 ,0.00 ,0.00 ,2.28 ,3.84 ,16.74 ,15.42 ,13.74 ,37.38 ,40.44 ,28.80 ,22.80 ,33.12 ,29.52 ,5.82 ,3.90 ,0.00 ,0.00 ,0.00 ,0.00 ,0.00 
2020-07-22,1,발전량,75.96 ,3.00 ,18.12 ,0.00 ,18.12 ,0.90 ,0.00 ,0.00 ,0.00 ,0.00 ,0.00 ,0.00 ,0.00 ,1.32 ,0.90 ,8.34 ,18.12 ,14.94 ,6.78 ,3.54 ,6.24 ,8.94 ,4.74 ,2.10 ,0.00 ,0.00 ,0.00 ,0.00 ,0.00 ,0.00 
2020-07-23,1,발전량,54.78 ,2.00 ,10.26 ,0.00 ,10.26 ,0.06 ,0.00 ,0.00 ,0.00 ,0.00 ,0.00 ,0.00 ,0.24 ,2.82 ,3.36 ,8.16 ,4.38 ,4.02 ,8.40 ,10.26 ,7.56 ,3.96 ,0.06 ,1.56 ,0.00 ,0.00 ,0.00 ,0.00 ,0.00 ,0.00 
2020-07-24,1,발전량,111.12 ,5.00 ,25.56 ,0.00 ,25.56 ,0.48 ,0.00 ,0.00 ,0.00 ,0.00 ,0.00 ,0.00 ,1.86 ,5.58 ,11.40 ,7.92 ,11.04 ,25.56 ,18.30 ,12.60 ,6.96 ,5.88 ,3.54 ,0.48 ,0.00 ,0.00 ,0.00 ,0.00 ,0.00 ,0.00 
2020-07-25,1,발전량,148.38 ,6.00 ,23.04 ,0.00 ,23.04 ,1.38 ,0.00 ,0.00 ,0.00 ,0.00 ,0.00 ,0.00 ,2.94 ,9.12 ,13.80 ,13.44 ,18.06 ,23.04 ,14.64 ,16.74 ,13.08 ,8.10 ,6.60 ,7.44 ,1.38 ,0.00 ,0.00 ,0.00 ,0.00 ,0.00 
2020-07-26,1,발전량,421.02 ,18.00 ,58.14 ,0.00 ,58.14 ,1.38 ,0.00 ,0.00 ,0.00 ,0.00 ,0.00 ,0.00 ,1.38 ,5.82 ,10.38 ,26.16 ,38.16 ,47.64 ,55.14 ,58.14 ,57.54 ,50.88 ,43.80 ,19.26 ,6.72 ,0.00 ,0.00 ,0.00 ,0.00 ,0.00 
2020-07-27,1,발전량,59.16 ,2.00 ,12.18 ,0.00 ,12.18 ,0.36 ,0.00 ,0.00 ,0.00 ,0.00 ,0.00 ,0.00 ,0.66 ,2.64 ,3.18 ,10.56 ,9.96 ,7.80 ,12.18 ,6.90 ,3.36 ,1.56 ,0.36 ,0.00 ,0.00 ,0.00 ,0.00 ,0.00 ,0.00 ,0.00 
2020-07-28,1,발전량,74.28 ,3.00 ,14.64 ,0.00 ,14.64 ,0.48 ,0.00 ,0.00 ,0.00 ,0.00 ,0.00 ,0.00 ,0.00 ,1.68 ,14.64 ,12.12 ,7.68 ,9.84 ,4.86 ,3.54 ,6.96 ,4.86 ,4.98 ,2.64 ,0.48 ,0.00 ,0.00 ,0.00 ,0.00 ,0.00 
2020-07-29,1,발전량,105.30 ,4.00 ,26.70 ,0.00 ,26.70 ,0.84 ,0.00 ,0.00 ,0.00 ,0.00 ,0.00 ,0.00 ,1.98 ,7.14 ,10.50 ,22.74 ,26.70 ,3.12 ,13.14 ,6.72 ,2.34 ,6.66 ,0.84 ,0.96 ,2.46 ,0.00 ,0.00 ,0.00 ,0.00 ,0.00 
2020-07-30,1,발전량,130.98 ,5.00 ,33.06 ,0.00 ,33.06 ,0.18 ,0.00 ,0.00 ,0.00 ,0.00 ,0.00 ,0.00 ,0.18 ,5.52 ,12.78 ,27.42 ,33.06 ,23.76 ,5.64 ,5.04 ,6.84 ,7.26 ,2.22 ,0.36 ,0.90 ,0.00 ,0.00 ,0.00 ,0.00 ,0.00 
2020-07-31,1,발전량,313.32 ,13.00 ,49.74 ,0.00 ,49.74 ,1.86 ,0.00 ,0.00 ,0.00 ,0.00 ,0.00 ,0.00 ,3.18 ,8.64 ,13.86 ,24.66 ,34.92 ,37.62 ,36.24 ,49.74 ,32.28 ,29.04 ,28.14 ,13.14 ,1.86 ,0.00 ,0.00 ,0.00 ,0.00 ,0.00 
2020-08-01,1,발전량,338.46 ,14.00 ,56.64 ,0.00 ,56.64 ,1.56 ,0.00 ,0.00 ,0.00 ,0.00 ,0.00 ,0.00 ,1.56 ,8.10 ,14.40 ,24.48 ,36.00 ,39.24 ,49.56 ,56.64 ,53.82 ,27.54 ,15.00 ,9.66 ,2.46 ,0.00 ,0.00 ,0.00 ,0.00 ,0.00 
2020-08-02,1,발전량,323.34 ,13.00 ,53.94 ,0.00 ,53.94 ,1.32 ,0.00 ,0.00 ,0.00 ,0.00 ,0.00 ,0.00 ,1.32 ,8.70 ,18.36 ,26.70 ,32.70 ,42.24 ,41.04 ,53.94 ,38.04 ,30.30 ,14.94 ,12.24 ,2.82 ,0.00 ,0.00 ,0.00 ,0.00 ,0.00 
2020-08-03,1,발전량,231.12 ,10.00 ,40.50 ,0.00 ,40.50 ,0.84 ,0.00 ,0.00 ,0.00 ,0.00 ,0.00 ,0.00 ,0.84 ,6.90 ,12.90 ,17.82 ,40.50 ,33.06 ,27.36 ,29.52 ,23.76 ,15.18 ,12.42 ,8.10 ,2.76 ,0.00 ,0.00 ,0.00 ,0.00 ,0.00 
2020-08-04,1,발전량,349.86 ,15.00 ,57.84 ,0.00 ,57.84 ,1.02 ,0.00 ,0.00 ,0.00 ,0.00 ,0.00 ,0.00 ,1.02 ,5.46 ,14.10 ,25.80 ,37.20 ,38.34 ,43.80 ,57.84 ,46.86 ,34.74 ,18.24 ,21.66 ,4.80 ,0.00 ,0.00 ,0.00 ,0.00 ,0.00 
2020-08-05,1,발전량,211.26 ,9.00 ,35.16 ,0.00 ,35.16 ,0.48 ,0.00 ,0.00 ,0.00 ,0.00 ,0.00 ,0.00 ,1.86 ,6.72 ,15.78 ,27.42 ,30.90 ,35.16 ,18.60 ,32.46 ,14.82 ,13.50 ,8.16 ,5.40 ,0.48 ,0.00 ,0.00 ,0.00 ,0.00 ,0.00 
2020-08-06,1,발전량,78.84 ,3.00 ,11.16 ,0.00 ,11.16 ,1.02 ,0.00 ,0.00 ,0.00 ,0.00 ,0.00 ,0.00 ,0.00 ,1.02 ,4.38 ,7.86 ,8.40 ,3.60 ,7.98 ,8.58 ,11.16 ,10.74 ,8.76 ,3.36 ,3.00 ,0.00 ,0.00 ,0.00 ,0.00 ,0.00 
2020-08-07,1,발전량,82.68 ,3.00 ,18.42 ,0.00 ,18.42 ,0.30 ,0.00 ,0.00 ,0.00 ,0.00 ,0.00 ,0.00 ,1.08 ,3.84 ,6.30 ,11.22 ,18.42 ,13.14 ,15.72 ,6.12 ,3.42 ,3.12 ,0.30 ,0.00 ,0.00 ,0.00 ,0.00 ,0.00 ,0.00 ,0.00 
2020-08-08,1,발전량,53.10 ,2.00 ,10.44 ,0.00 ,10.44 ,0.36 ,0.00 ,0.00 ,0.00 ,0.00 ,0.00 ,0.00 ,0.00 ,0.00 ,0.36 ,1.98 ,10.44 ,10.02 ,5.46 ,4.50 ,3.72 ,9.18 ,3.30 ,3.00 ,1.14 ,0.00 ,0.00 ,0.00 ,0.00 ,0.00 
2020-08-09,1,발전량,333.24 ,14.00 ,59.10 ,0.00 ,59.10 ,1.56 ,0.00 ,0.00 ,0.00 ,0.00 ,0.00 ,0.00 ,1.56 ,6.42 ,13.44 ,19.20 ,30.30 ,40.50 ,59.10 ,51.90 ,44.40 ,22.38 ,27.84 ,16.20 ,0.00 ,0.00 ,0.00 ,0.00 ,0.00 ,0.00 
2020-08-10,1,발전량,125.88 ,5.00 ,26.76 ,0.00 ,26.76 ,0.48 ,0.00 ,0.00 ,0.00 ,0.00 ,0.00 ,0.00 ,4.08 ,9.60 ,13.20 ,17.04 ,26.76 ,13.08 ,13.14 ,17.46 ,6.18 ,4.86 ,0.48 ,0.00 ,0.00 ,0.00 ,0.00 ,0.00 ,0.00 ,0.00 
2020-08-11,1,발전량,170.94 ,7.00 ,40.26 ,0.00 ,40.26 ,0.72 ,0.00 ,0.00 ,0.00 ,0.00 ,0.00 ,0.00 ,1.26 ,6.24 ,12.54 ,21.90 ,39.12 ,40.26 ,28.68 ,9.60 ,5.10 ,1.92 ,3.60 ,0.72 ,0.00 ,0.00 ,0.00 ,0.00 ,0.00 ,0.00 
2020-08-12,1,발전량,191.88 ,8.00 ,40.14 ,0.00 ,40.14 ,0.72 ,0.00 ,0.00 ,0.00 ,0.00 ,0.00 ,0.00 ,0.96 ,4.92 ,14.34 ,14.94 ,0.72 ,7.86 ,22.14 ,14.58 ,33.00 ,40.14 ,20.16 ,12.84 ,5.28 ,0.00 ,0.00 ,0.00 ,0.00 ,0.00 
2020-08-13,1,발전량,409.02 ,17.00 ,55.50 ,0.00 ,55.50 ,1.44 ,0.00 ,0.00 ,0.00 ,0.00 ,0.00 ,0.00 ,1.44 ,4.92 ,11.76 ,25.80 ,36.84 ,45.18 ,43.68 ,51.36 ,55.50 ,53.58 ,44.28 ,27.90 ,6.78 ,0.00 ,0.00 ,0.00 ,0.00 ,0.00 
2020-08-14,1,발전량,394.80 ,16.00 ,56.82 ,0.00 ,56.82 ,0.48 ,0.00 ,0.00 ,0.00 ,0.00 ,0.00 ,0.00 ,0.48 ,4.68 ,9.24 ,23.10 ,5.40 ,4.86 ,22.50 ,56.82 ,53.52 ,47.64 ,40.56 ,20.70 ,47.94 ,48.36 ,9.00 ,0.00 ,0.00 ,0.00 
2020-08-15,1,발전량,327.90 ,14.00 ,50.70 ,0.00 ,50.70 ,2.22 ,0.00 ,0.00 ,0.00 ,0.00 ,0.00 ,0.00 ,0.00 ,2.22 ,8.28 ,26.76 ,31.80 ,31.80 ,19.68 ,49.98 ,50.70 ,42.30 ,36.06 ,20.82 ,7.50 ,0.00 ,0.00 ,0.00 ,0.00 ,0.00 
2020-08-16,1,발전량,401.40 ,17.00 ,56.40 ,0.00 ,56.40 ,1.02 ,0.00 ,0.00 ,0.00 ,0.00 ,0.00 ,0.00 ,0.00 ,1.02 ,7.38 ,22.38 ,35.76 ,41.94 ,52.56 ,56.40 ,55.38 ,51.12 ,42.60 ,27.06 ,7.80 ,0.00 ,0.00 ,0.00 ,0.00 ,0.00 
2020-08-17,1,발전량,379.44 ,16.00 ,53.64 ,0.00 ,53.64 ,0.54 ,0.00 ,0.00 ,0.00 ,0.00 ,0.00 ,0.00 ,0.54 ,2.88 ,8.70 ,22.74 ,6.00 ,4.50 ,4.68 ,47.34 ,53.28 ,49.14 ,41.52 ,27.00 ,53.64 ,48.30 ,9.18 ,0.00 ,0.00 ,0.00 
2020-08-18,1,발전량,406.98 ,17.00 ,67.62 ,0.00 ,67.62 ,0.48 ,0.00 ,0.00 ,0.00 ,0.00 ,0.00 ,0.00 ,0.48 ,3.42 ,8.46 ,3.84 ,4.56 ,4.02 ,4.74 ,52.98 ,53.16 ,65.52 ,67.62 ,67.56 ,55.44 ,15.18 ,0.00 ,0.00 ,0.00 ,0.00 
2020-08-19,1,발전량,379.74 ,16.00 ,68.16 ,0.00 ,68.16 ,0.42 ,0.00 ,0.00 ,0.00 ,0.00 ,0.00 ,0.00 ,0.42 ,3.18 ,8.76 ,4.98 ,4.62 ,4.74 ,4.92 ,9.84 ,53.88 ,67.86 ,68.16 ,65.76 ,56.04 ,26.58 ,0.00 ,0.00 ,0.00 ,0.00 
2020-08-20,1,발전량,364.44 ,15.00 ,68.04 ,0.00 ,68.04 ,0.18 ,0.00 ,0.00 ,0.00 ,0.00 ,0.00 ,0.00 ,0.18 ,1.92 ,7.50 ,5.04 ,4.68 ,4.98 ,5.10 ,11.40 ,53.04 ,66.18 ,68.04 ,67.14 ,54.48 ,14.76 ,0.00 ,0.00 ,0.00 ,0.00 
2020-08-21,1,발전량,313.50 ,13.00 ,69.30 ,0.00 ,69.30 ,0.42 ,0.00 ,0.00 ,0.00 ,0.00 ,0.00 ,0.00 ,0.42 ,3.78 ,8.40 ,4.86 ,3.96 ,4.74 ,4.62 ,4.74 ,18.18 ,64.92 ,69.30 ,66.18 ,53.82 ,5.58 ,0.00 ,0.00 ,0.00 ,0.00 
2020-08-22,1,발전량,171.96 ,7.00 ,52.98 ,0.00 ,52.98 ,2.10 ,0.00 ,0.00 ,0.00 ,0.00 ,0.00 ,0.00 ,2.10 ,5.76 ,9.24 ,4.56 ,3.18 ,4.38 ,4.62 ,3.12 ,4.08 ,52.98 ,41.46 ,32.82 ,3.66 ,0.00 ,0.00 ,0.00 ,0.00 ,0.00 
2020-08-23,1,발전량,223.92 ,9.00 ,54.42 ,0.00 ,54.42 ,0.48 ,0.00 ,0.00 ,0.00 ,0.00 ,0.00 ,0.00 ,0.48 ,4.56 ,3.96 ,3.90 ,4.14 ,5.10 ,3.30 ,37.98 ,54.42 ,46.14 ,36.84 ,19.92 ,3.18 ,0.00 ,0.00 ,0.00 ,0.00 ,0.00 
2020-08-24,1,발전량,440.70 ,18.00 ,68.52 ,0.00 ,68.52 ,0.72 ,0.00 ,0.00 ,0.00 ,0.00 ,0.00 ,0.00 ,0.72 ,3.06 ,3.66 ,4.08 ,4.44 ,42.24 ,51.54 ,53.70 ,68.52 ,65.04 ,68.52 ,68.16 ,7.02 ,0.00 ,0.00 ,0.00 ,0.00 ,0.00 
2020-08-25,1,발전량,404.10 ,17.00 ,68.82 ,0.00 ,68.82 ,0.36 ,0.00 ,0.00 ,0.00 ,0.00 ,0.00 ,0.00 ,0.36 ,3.24 ,8.22 ,4.68 ,4.26 ,4.86 ,10.68 ,48.06 ,50.16 ,67.56 ,68.82 ,66.90 ,53.10 ,13.20 ,0.00 ,0.00 ,0.00 ,0.00 
2020-08-26,1,발전량,180.60 ,8.00 ,54.00 ,0.00 ,54.00 ,0.12 ,0.00 ,0.00 ,0.00 ,0.00 ,0.00 ,0.00 ,0.12 ,2.58 ,6.18 ,4.14 ,4.20 ,4.74 ,3.00 ,5.34 ,3.30 ,46.32 ,54.00 ,46.68 ,0.00 ,0.00 ,0.00 ,0.00 ,0.00 ,0.00 
2020-08-27,1,발전량,121.02 ,5.00 ,46.20 ,0.00 ,46.20 ,2.88 ,0.00 ,0.00 ,0.00 ,0.00 ,0.00 ,0.00 ,0.00 ,0.00 ,2.88 ,4.08 ,3.48 ,4.20 ,3.84 ,3.96 ,3.60 ,35.82 ,46.20 ,12.96 ,0.00 ,0.00 ,0.00 ,0.00 ,0.00 ,0.00 
2020-08-28,1,발전량,259.44 ,11.00 ,74.88 ,0.00 ,74.88 ,2.40 ,0.00 ,0.00 ,0.00 ,0.00 ,0.00 ,0.00 ,0.00 ,2.40 ,8.04 ,4.56 ,6.18 ,4.86 ,4.08 ,3.60 ,4.26 ,61.08 ,74.88 ,61.38 ,24.12 ,0.00 ,0.00 ,0.00 ,0.00 ,0.00 
2020-08-29,1,발전량,354.18 ,15.00 ,74.58 ,0.00 ,74.58 ,2.58 ,0.00 ,0.00 ,0.00 ,0.00 ,0.00 ,0.00 ,0.00 ,3.30 ,6.36 ,3.66 ,4.80 ,4.56 ,5.16 ,16.08 ,43.80 ,68.94 ,74.58 ,69.90 ,50.46 ,2.58 ,0.00 ,0.00 ,0.00 ,0.00 
2020-08-30,1,발전량,129.12 ,5.00 ,26.34 ,0.00 ,26.34 ,2.82 ,0.00 ,0.00 ,0.00 ,0.00 ,0.00 ,0.00 ,0.00 ,4.62 ,7.98 ,21.18 ,5.46 ,5.64 ,2.82 ,3.96 ,5.04 ,26.34 ,21.06 ,25.02 ,0.00 ,0.00 ,0.00 ,0.00 ,0.00 ,0.00 
2020-08-31,1,발전량,265.50 ,11.00 ,71.46 ,0.00 ,71.46 ,2.46 ,0.00 ,0.00 ,0.00 ,0.00 ,0.00 ,0.00 ,0.00 ,2.46 ,3.30 ,4.20 ,3.42 ,3.00 ,4.20 ,17.46 ,48.12 ,49.38 ,55.50 ,71.46 ,3.00 ,0.00 ,0.00 ,0.00 ,0.00 ,0.00 
2020-09-01,1,발전량,173.88 ,7.00 ,51.06 ,0.00 ,51.06 ,0.18 ,0.00 ,0.00 ,0.00 ,0.00 ,0.00 ,0.00 ,0.18 ,3.36 ,6.30 ,4.44 ,5.16 ,4.08 ,4.74 ,4.44 ,3.30 ,45.06 ,51.06 ,41.76 ,0.00 ,0.00 ,0.00 ,0.00 ,0.00 ,0.00 
2020-09-02,1,발전량,37.08 ,2.00 ,18.60 ,0.00 ,18.60 ,0.06 ,0.00 ,0.00 ,0.00 ,0.00 ,0.00 ,0.00 ,0.00 ,0.60 ,1.38 ,2.34 ,3.66 ,3.78 ,3.18 ,2.16 ,0.90 ,18.60 ,0.42 ,0.06 ,0.00 ,0.00 ,0.00 ,0.00 ,0.00 ,0.00 
2020-09-03,1,발전량,309.90 ,13.00 ,55.74 ,0.00 ,55.74 ,3.24 ,0.00 ,0.00 ,0.00 ,0.00 ,0.00 ,0.00 ,0.00 ,3.24 ,7.56 ,4.38 ,3.78 ,3.90 ,6.42 ,9.36 ,55.74 ,42.24 ,48.78 ,46.20 ,52.86 ,25.44 ,0.00 ,0.00 ,0.00 ,0.00 
2020-09-04,1,발전량,345.06 ,14.00 ,54.42 ,0.00 ,54.42 ,0.24 ,0.00 ,0.00 ,0.00 ,0.00 ,0.00 ,0.00 ,0.24 ,2.64 ,8.04 ,4.74 ,4.56 ,4.80 ,5.52 ,18.72 ,44.34 ,49.44 ,45.96 ,48.60 ,53.04 ,54.42 ,0.00 ,0.00 ,0.00 ,0.00 
2020-09-05,1,발전량,38.76 ,2.00 ,9.66 ,0.00 ,9.66 ,1.20 ,0.00 ,0.00 ,0.00 ,0.00 ,0.00 ,0.00 ,0.00 ,2.88 ,4.62 ,3.24 ,2.04 ,3.72 ,3.78 ,3.78 ,3.84 ,9.66 ,1.20 ,0.00 ,0.00 ,0.00 ,0.00 ,0.00 ,0.00 ,0.00 
2020-09-06,1,발전량,36.24 ,2.00 ,5.88 ,0.00 ,5.88 ,0.60 ,0.00 ,0.00 ,0.00 ,0.00 ,0.00 ,0.00 ,0.00 ,2.40 ,4.26 ,4.02 ,3.96 ,3.90 ,4.14 ,4.44 ,5.88 ,2.64 ,0.60 ,0.00 ,0.00 ,0.00 ,0.00 ,0.00 ,0.00 ,0.00 
2020-09-07,1,발전량,141.90 ,6.00 ,47.64 ,0.00 ,47.64 ,0.12 ,0.00 ,0.00 ,0.00 ,0.00 ,0.00 ,0.00 ,0.00 ,0.00 ,3.24 ,3.66 ,3.36 ,3.96 ,3.96 ,4.32 ,47.64 ,44.04 ,22.02 ,5.58 ,0.12 ,0.00 ,0.00 ,0.00 ,0.00 ,0.00 
2020-09-08,1,발전량,269.34 ,11.00 ,52.92 ,0.00 ,52.92 ,0.60 ,0.00 ,0.00 ,0.00 ,0.00 ,0.00 ,0.00 ,0.60 ,5.28 ,12.42 ,5.16 ,4.74 ,3.54 ,5.40 ,3.90 ,8.58 ,44.76 ,46.86 ,52.92 ,52.86 ,22.32 ,0.00 ,0.00 ,0.00 ,0.00 
2020-09-09,1,발전량,245.16 ,10.00 ,52.50 ,0.00 ,52.50 ,0.24 ,0.00 ,0.00 ,0.00 ,0.00 ,0.00 ,0.00 ,0.24 ,10.56 ,11.76 ,5.04 ,4.50 ,4.92 ,4.62 ,5.64 ,7.44 ,48.90 ,51.00 ,52.50 ,38.04 ,0.00 ,0.00 ,0.00 ,0.00 ,0.00 
2020-09-10,1,발전량,288.60 ,12.00 ,52.20 ,0.00 ,52.20 ,3.90 ,0.00 ,0.00 ,0.00 ,0.00 ,0.00 ,0.00 ,0.00 ,5.04 ,12.06 ,4.14 ,4.02 ,5.88 ,5.10 ,3.90 ,38.28 ,43.44 ,45.90 ,51.24 ,52.20 ,17.40 ,0.00 ,0.00 ,0.00 ,0.00 
2020-09-11,1,발전량,132.18 ,6.00 ,51.18 ,0.00 ,51.18 ,2.64 ,0.00 ,0.00 ,0.00 ,0.00 ,0.00 ,0.00 ,0.00 ,2.70 ,4.56 ,3.18 ,4.38 ,4.92 ,3.96 ,6.00 ,2.64 ,48.66 ,51.18 ,0.00 ,0.00 ,0.00 ,0.00 ,0.00 ,0.00 ,0.00 
2020-09-12,1,발전량,152.04 ,6.00 ,52.26 ,0.00 ,52.26 ,3.60 ,0.00 ,0.00 ,0.00 ,0.00 ,0.00 ,0.00 ,0.00 ,4.20 ,8.70 ,4.74 ,4.98 ,4.86 ,5.22 ,3.60 ,3.66 ,49.32 ,52.26 ,10.50 ,0.00 ,0.00 ,0.00 ,0.00 ,0.00 ,0.00 
2020-09-13,1,발전량,129.18 ,5.00 ,46.38 ,0.00 ,46.38 ,2.58 ,0.00 ,0.00 ,0.00 ,0.00 ,0.00 ,0.00 ,0.00 ,2.94 ,10.44 ,17.10 ,6.12 ,4.38 ,4.08 ,4.02 ,4.02 ,4.44 ,9.18 ,2.58 ,46.38 ,13.50 ,0.00 ,0.00 ,0.00 ,0.00 
2020-09-14,1,발전량,276.48 ,12.00 ,48.84 ,0.00 ,48.84 ,0.12 ,0.00 ,0.00 ,0.00 ,0.00 ,0.00 ,0.00 ,0.12 ,3.18 ,7.20 ,15.66 ,6.18 ,5.22 ,5.76 ,4.02 ,6.36 ,34.92 ,32.10 ,8.46 ,46.62 ,48.84 ,48.84 ,3.00 ,0.00 ,0.00 
2020-09-15,1,발전량,316.44 ,13.00 ,48.72 ,0.00 ,48.72 ,2.76 ,0.00 ,0.00 ,0.00 ,0.00 ,0.00 ,0.00 ,0.00 ,2.76 ,8.82 ,21.42 ,6.96 ,4.80 ,6.12 ,5.64 ,37.44 ,39.30 ,20.46 ,14.76 ,46.08 ,48.72 ,48.72 ,4.44 ,0.00 ,0.00 
2020-09-16,1,발전량,75.66 ,3.00 ,21.12 ,0.00 ,21.12 ,1.14 ,0.00 ,0.00 ,0.00 ,0.00 ,0.00 ,0.00 ,0.00 ,3.30 ,9.72 ,12.06 ,4.80 ,3.72 ,4.20 ,4.38 ,3.84 ,3.96 ,3.42 ,1.14 ,21.12 ,0.00 ,0.00 ,0.00 ,0.00 ,0.00 
2020-09-17,1,발전량,79.32 ,3.00 ,34.38 ,0.00 ,34.38 ,1.02 ,0.00 ,0.00 ,0.00 ,0.00 ,0.00 ,0.00 ,0.00 ,2.34 ,1.98 ,8.28 ,4.56 ,4.44 ,3.84 ,4.20 ,4.26 ,3.90 ,6.12 ,1.02 ,34.38 ,0.00 ,0.00 ,0.00 ,0.00 ,0.00 
2020-09-18,1,발전량,181.86 ,8.00 ,48.96 ,0.00 ,48.96 ,2.04 ,0.00 ,0.00 ,0.00 ,0.00 ,0.00 ,0.00 ,0.00 ,2.04 ,5.64 ,13.14 ,5.10 ,4.92 ,4.44 ,4.38 ,5.58 ,3.48 ,9.84 ,3.60 ,46.32 ,48.96 ,24.42 ,0.00 ,0.00 ,0.00 
2020-09-19,1,발전량,281.58 ,12.00 ,48.90 ,0.00 ,48.90 ,2.76 ,0.00 ,0.00 ,0.00 ,0.00 ,0.00 ,0.00 ,0.00 ,2.76 ,7.62 ,21.78 ,6.66 ,5.64 ,4.86 ,5.64 ,28.74 ,22.38 ,16.02 ,10.68 ,46.38 ,48.90 ,48.90 ,4.62 ,0.00 ,0.00 
2020-09-20,1,발전량,359.22 ,15.00 ,51.72 ,0.00 ,51.72 ,1.74 ,0.00 ,0.00 ,0.00 ,0.00 ,0.00 ,0.00 ,0.00 ,1.74 ,6.36 ,21.42 ,6.84 ,5.52 ,5.58 ,5.52 ,51.72 ,48.84 ,38.34 ,19.38 ,46.02 ,48.90 ,48.96 ,4.08 ,0.00 ,0.00 
2020-09-21,1,발전량,321.42 ,13.00 ,49.08 ,0.00 ,49.08 ,0.18 ,0.00 ,0.00 ,0.00 ,0.00 ,0.00 ,0.00 ,0.18 ,2.46 ,8.34 ,22.02 ,6.66 ,5.82 ,5.04 ,5.28 ,16.32 ,48.72 ,36.48 ,17.22 ,46.20 ,49.08 ,48.96 ,2.64 ,0.00 ,0.00 
2020-09-22,1,발전량,267.60 ,11.00 ,49.14 ,0.00 ,49.14 ,4.02 ,0.00 ,0.00 ,0.00 ,0.00 ,0.00 ,0.00 ,0.00 ,5.82 ,13.02 ,23.82 ,5.52 ,4.38 ,4.80 ,5.58 ,5.64 ,4.02 ,36.24 ,17.70 ,46.20 ,49.14 ,45.72 ,0.00 ,0.00 ,0.00 
2020-09-23,1,발전량,140.82 ,6.00 ,46.08 ,0.00 ,46.08 ,2.34 ,0.00 ,0.00 ,0.00 ,0.00 ,0.00 ,0.00 ,0.00 ,6.00 ,11.64 ,20.82 ,5.52 ,4.68 ,4.32 ,4.50 ,3.96 ,4.02 ,4.50 ,2.34 ,46.08 ,22.44 ,0.00 ,0.00 ,0.00 ,0.00 
2020-09-24,1,발전량,217.50 ,9.00 ,49.08 ,0.00 ,49.08 ,4.32 ,0.00 ,0.00 ,0.00 ,0.00 ,0.00 ,0.00 ,0.00 ,4.38 ,10.26 ,17.88 ,6.18 ,4.50 ,5.58 ,4.44 ,4.86 ,4.32 ,8.46 ,4.68 ,46.02 ,49.08 ,46.86 ,0.00 ,0.00 ,0.00 
2020-09-25,1,발전량,209.70 ,9.00 ,45.96 ,0.00 ,45.96 ,2.58 ,0.00 ,0.00 ,0.00 ,0.00 ,0.00 ,0.00 ,0.00 ,2.58 ,6.00 ,20.76 ,5.28 ,26.28 ,21.06 ,9.24 ,5.46 ,4.50 ,4.38 ,12.72 ,45.96 ,45.48 ,0.00 ,0.00 ,0.00 ,0.00 
2020-09-26,1,발전량,280.26 ,12.00 ,49.14 ,0.00 ,49.14 ,1.80 ,0.00 ,0.00 ,0.00 ,0.00 ,0.00 ,0.00 ,0.00 ,6.06 ,10.50 ,21.06 ,6.66 ,4.80 ,5.82 ,3.78 ,18.18 ,38.34 ,10.86 ,8.28 ,45.90 ,49.14 ,49.08 ,1.80 ,0.00 ,0.00 
2020-09-27,1,발전량,301.50 ,13.00 ,50.34 ,0.00 ,50.34 ,1.38 ,0.00 ,0.00 ,0.00 ,0.00 ,0.00 ,0.00 ,0.00 ,1.92 ,6.12 ,13.56 ,5.16 ,5.28 ,6.12 ,5.16 ,10.44 ,50.34 ,37.32 ,14.40 ,45.96 ,49.20 ,49.14 ,1.38 ,0.00 ,0.00 
2020-09-28,1,발전량,291.06 ,12.00 ,49.20 ,0.00 ,49.20 ,1.14 ,0.00 ,0.00 ,0.00 ,0.00 ,0.00 ,0.00 ,0.00 ,2.52 ,6.78 ,20.70 ,6.84 ,5.58 ,4.56 ,5.70 ,21.48 ,36.96 ,27.36 ,7.14 ,45.96 ,49.20 ,49.14 ,1.14 ,0.00 ,0.00 
2020-09-29,1,발전량,288.30 ,12.00 ,49.14 ,0.00 ,49.14 ,1.86 ,0.00 ,0.00 ,0.00 ,0.00 ,0.00 ,0.00 ,0.00 ,1.86 ,6.72 ,21.12 ,6.96 ,5.46 ,5.10 ,5.46 ,28.20 ,32.94 ,24.78 ,2.76 ,45.84 ,49.08 ,49.14 ,2.88 ,0.00 ,0.00 
2020-09-30,1,발전량,282.24 ,12.00 ,49.14 ,0.00 ,49.14 ,2.22 ,0.00 ,0.00 ,0.00 ,0.00 ,0.00 ,0.00 ,0.00 ,4.14 ,6.84 ,20.82 ,6.96 ,5.76 ,5.52 ,4.68 ,33.12 ,25.26 ,14.94 ,7.98 ,45.78 ,49.08 ,49.14 ,2.22 ,0.00 ,0.00 
2020-10-01,1,발전량,319.20 ,13.00 ,48.36 ,0.00 ,48.36 ,2.34 ,0.00 ,0.00 ,0.00 ,0.00 ,0.00 ,0.00 ,0.00 ,2.34 ,6.72 ,19.98 ,33.96 ,40.56 ,48.36 ,44.76 ,35.58 ,46.02 ,31.38 ,9.54 ,0.00 ,0.00 ,0.00 ,0.00 ,0.00 ,0.00 
2020-10-02,1,발전량,327.60 ,14.00 ,50.04 ,0.00 ,50.04 ,2.22 ,0.00 ,0.00 ,0.00 ,0.00 ,0.00 ,0.00 ,0.00 ,2.22 ,7.26 ,20.28 ,36.18 ,45.12 ,50.04 ,45.36 ,44.82 ,42.60 ,25.62 ,8.10 ,0.00 ,0.00 ,0.00 ,0.00 ,0.00 ,0.00 
2020-10-03,1,발전량,289.68 ,12.00 ,49.86 ,0.00 ,49.86 ,2.28 ,0.00 ,0.00 ,0.00 ,0.00 ,0.00 ,0.00 ,0.00 ,2.28 ,7.32 ,13.32 ,22.38 ,32.52 ,42.06 ,49.86 ,49.14 ,43.62 ,24.60 ,2.58 ,0.00 ,0.00 ,0.00 ,0.00 ,0.00 ,0.00 
2020-10-04,1,발전량,171.42 ,7.00 ,40.56 ,0.00 ,40.56 ,0.96 ,0.00 ,0.00 ,0.00 ,0.00 ,0.00 ,0.00 ,0.00 ,2.04 ,9.12 ,16.92 ,31.08 ,19.26 ,26.28 ,40.56 ,22.08 ,3.12 ,0.96 ,0.00 ,0.00 ,0.00 ,0.00 ,0.00 ,0.00 ,0.00 
2020-10-05,1,발전량,377.76 ,16.00 ,57.60 ,0.00 ,57.60 ,1.98 ,0.00 ,0.00 ,0.00 ,0.00 ,0.00 ,0.00 ,0.00 ,1.98 ,6.00 ,21.12 ,37.02 ,48.66 ,55.44 ,57.60 ,55.56 ,48.60 ,34.80 ,10.98 ,0.00 ,0.00 ,0.00 ,0.00 ,0.00 ,0.00 
2020-10-06,1,발전량,359.64 ,15.00 ,55.32 ,0.00 ,55.32 ,1.98 ,0.00 ,0.00 ,0.00 ,0.00 ,0.00 ,0.00 ,0.00 ,1.98 ,5.82 ,20.10 ,34.80 ,45.78 ,52.74 ,55.32 ,53.70 ,46.44 ,33.36 ,9.60 ,0.00 ,0.00 ,0.00 ,0.00 ,0.00 ,0.00 
2020-10-07,1,발전량,337.32 ,14.00 ,49.62 ,0.00 ,49.62 ,1.86 ,0.00 ,0.00 ,0.00 ,0.00 ,0.00 ,0.00 ,0.00 ,1.86 ,8.58 ,20.28 ,34.98 ,37.56 ,6.06 ,6.00 ,5.82 ,32.04 ,26.82 ,9.54 ,46.32 ,49.62 ,49.62 ,2.22 ,0.00 ,0.00 
2020-10-08,1,발전량,332.64 ,14.00 ,49.68 ,0.00 ,49.68 ,0.48 ,0.00 ,0.00 ,0.00 ,0.00 ,0.00 ,0.00 ,0.00 ,1.98 ,5.76 ,14.52 ,6.96 ,5.40 ,5.22 ,5.82 ,45.48 ,49.14 ,37.32 ,8.94 ,46.26 ,49.68 ,49.68 ,0.48 ,0.00 ,0.00 
2020-10-09,1,발전량,272.70 ,11.00 ,49.68 ,0.00 ,49.68 ,1.50 ,0.00 ,0.00 ,0.00 ,0.00 ,0.00 ,0.00 ,0.00 ,1.86 ,5.76 ,15.30 ,6.66 ,4.80 ,6.36 ,4.56 ,9.60 ,43.26 ,27.48 ,1.50 ,46.20 ,49.68 ,49.68 ,0.00 ,0.00 ,0.00 
2020-10-10,1,발전량,181.80 ,8.00 ,49.26 ,0.00 ,49.26 ,2.22 ,0.00 ,0.00 ,0.00 ,0.00 ,0.00 ,0.00 ,0.00 ,2.22 ,6.42 ,10.14 ,4.92 ,4.98 ,5.82 ,5.10 ,4.20 ,4.56 ,29.46 ,8.52 ,46.20 ,49.26 ,0.00 ,0.00 ,0.00 ,0.00 
2020-10-11,1,발전량,209.82 ,9.00 ,49.74 ,0.00 ,49.74 ,2.88 ,0.00 ,0.00 ,0.00 ,0.00 ,0.00 ,0.00 ,0.00 ,2.88 ,8.94 ,15.72 ,6.66 ,5.40 ,4.92 ,4.56 ,5.04 ,5.46 ,27.00 ,5.16 ,46.20 ,49.74 ,22.14 ,0.00 ,0.00 ,0.00 
2020-10-12,1,발전량,301.92 ,13.00 ,49.62 ,0.00 ,49.62 ,2.04 ,0.00 ,0.00 ,0.00 ,0.00 ,0.00 ,0.00 ,0.00 ,2.04 ,6.66 ,19.74 ,6.54 ,5.82 ,5.94 ,5.88 ,30.30 ,40.86 ,27.06 ,5.76 ,46.08 ,49.62 ,49.62 ,0.00 ,0.00 ,0.00 
2020-10-13,1,발전량,313.80 ,13.00 ,49.68 ,0.00 ,49.68 ,1.62 ,0.00 ,0.00 ,0.00 ,0.00 ,0.00 ,0.00 ,0.00 ,3.54 ,9.72 ,18.06 ,7.20 ,6.00 ,6.00 ,6.06 ,40.56 ,42.84 ,24.18 ,2.46 ,46.20 ,49.68 ,49.68 ,1.62 ,0.00 ,0.00 
2020-10-14,1,발전량,257.22 ,11.00 ,49.74 ,0.00 ,49.74 ,0.18 ,0.00 ,0.00 ,0.00 ,0.00 ,0.00 ,0.00 ,0.00 ,3.36 ,8.46 ,12.12 ,5.52 ,6.24 ,4.50 ,6.06 ,5.76 ,24.90 ,29.10 ,5.16 ,46.38 ,49.74 ,49.74 ,0.18 ,0.00 ,0.00 
2020-10-15,1,발전량,305.52 ,13.00 ,49.68 ,0.00 ,49.68 ,0.96 ,0.00 ,0.00 ,0.00 ,0.00 ,0.00 ,0.00 ,0.00 ,2.70 ,5.40 ,18.36 ,6.84 ,5.94 ,5.70 ,5.52 ,37.86 ,42.54 ,26.64 ,1.50 ,46.20 ,49.68 ,49.68 ,0.96 ,0.00 ,0.00 
2020-10-16,1,발전량,93.06 ,4.00 ,37.74 ,0.00 ,37.74 ,1.80 ,0.00 ,0.00 ,0.00 ,0.00 ,0.00 ,0.00 ,0.00 ,2.64 ,8.76 ,14.82 ,5.52 ,4.62 ,4.38 ,4.50 ,4.14 ,4.14 ,1.80 ,0.00 ,37.74 ,0.00 ,0.00 ,0.00 ,0.00 ,0.00 
2020-10-17,1,발전량,291.06 ,12.00 ,49.68 ,0.00 ,49.68 ,0.84 ,0.00 ,0.00 ,0.00 ,0.00 ,0.00 ,0.00 ,0.00 ,1.92 ,5.64 ,17.34 ,6.96 ,5.88 ,5.94 ,5.70 ,29.82 ,38.16 ,24.06 ,3.36 ,46.14 ,49.68 ,49.62 ,0.84 ,0.00 ,0.00 
2020-10-18,1,발전량,293.34 ,12.00 ,49.80 ,0.00 ,49.80 ,1.92 ,0.00 ,0.00 ,0.00 ,0.00 ,0.00 ,0.00 ,0.00 ,1.92 ,5.88 ,17.94 ,7.02 ,5.82 ,6.12 ,4.44 ,25.98 ,45.12 ,24.24 ,3.00 ,46.32 ,49.80 ,49.74 ,0.00 ,0.00 ,0.00 
2020-10-19,1,발전량,247.86 ,10.00 ,49.68 ,0.00 ,49.68 ,0.18 ,0.00 ,0.00 ,0.00 ,0.00 ,0.00 ,0.00 ,0.00 ,2.40 ,7.74 ,19.02 ,6.78 ,5.46 ,4.02 ,6.78 ,5.46 ,17.52 ,23.64 ,3.24 ,46.26 ,49.68 ,49.68 ,0.18 ,0.00 ,0.00 
2020-10-20,1,발전량,281.46 ,12.00 ,49.74 ,0.00 ,49.74 ,0.84 ,0.00 ,0.00 ,0.00 ,0.00 ,0.00 ,0.00 ,0.00 ,1.74 ,5.22 ,17.10 ,6.96 ,5.82 ,5.70 ,5.88 ,25.86 ,36.48 ,22.20 ,2.10 ,46.14 ,49.68 ,49.74 ,0.84 ,0.00 ,0.00 
2020-10-21,1,발전량,92.52 ,4.00 ,42.78 ,0.00 ,42.78 ,1.26 ,0.00 ,0.00 ,0.00 ,0.00 ,0.00 ,0.00 ,0.00 ,2.34 ,8.10 ,13.68 ,6.24 ,4.32 ,4.44 ,4.32 ,3.36 ,1.68 ,1.26 ,0.00 ,42.78 ,0.00 ,0.00 ,0.00 ,0.00 ,0.00 
2020-10-22,1,발전량,105.18 ,4.00 ,46.26 ,0.00 ,46.26 ,0.42 ,0.00 ,0.00 ,0.00 ,0.00 ,0.00 ,0.00 ,0.00 ,0.42 ,4.68 ,9.30 ,5.22 ,4.50 ,5.34 ,4.50 ,4.74 ,4.14 ,4.08 ,0.42 ,46.26 ,11.58 ,0.00 ,0.00 ,0.00 ,0.00 
2020-10-23,1,발전량,325.62 ,14.00 ,52.26 ,0.00 ,52.26 ,1.32 ,0.00 ,0.00 ,0.00 ,0.00 ,0.00 ,0.00 ,0.00 ,1.32 ,4.38 ,18.24 ,7.14 ,6.00 ,5.94 ,5.70 ,52.26 ,45.42 ,30.48 ,3.06 ,46.26 ,49.74 ,49.68 ,0.00 ,0.00 ,0.00 
2020-10-24,1,발전량,320.46 ,13.00 ,49.68 ,0.00 ,49.68 ,0.90 ,0.00 ,0.00 ,0.00 ,0.00 ,0.00 ,0.00 ,0.00 ,1.68 ,4.92 ,18.36 ,7.20 ,5.76 ,5.94 ,5.88 ,47.10 ,44.64 ,30.12 ,2.46 ,46.20 ,49.62 ,49.68 ,0.90 ,0.00 ,0.00 
2020-10-25,1,발전량,264.48 ,11.00 ,49.62 ,0.00 ,49.62 ,0.12 ,0.00 ,0.00 ,0.00 ,0.00 ,0.00 ,0.00 ,0.00 ,1.26 ,4.26 ,17.40 ,7.14 ,5.70 ,6.00 ,5.82 ,30.24 ,30.00 ,11.28 ,0.12 ,46.08 ,49.56 ,49.62 ,0.00 ,0.00 ,0.00 
2020-10-26,1,발전량,281.64 ,12.00 ,49.62 ,0.00 ,49.62 ,0.36 ,0.00 ,0.00 ,0.00 ,0.00 ,0.00 ,0.00 ,0.00 ,1.26 ,4.50 ,16.56 ,6.96 ,5.88 ,5.88 ,5.70 ,26.34 ,40.20 ,22.74 ,0.00 ,46.08 ,49.62 ,49.56 ,0.36 ,0.00 ,0.00 
2020-10-27,1,발전량,262.14 ,11.00 ,49.56 ,0.00 ,49.56 ,0.12 ,0.00 ,0.00 ,0.00 ,0.00 ,0.00 ,0.00 ,0.00 ,2.22 ,6.36 ,16.20 ,6.72 ,5.70 ,5.76 ,5.70 ,16.62 ,34.02 ,16.98 ,0.54 ,46.08 ,49.56 ,49.56 ,0.12 ,0.00 ,0.00 
2020-10-28,1,발전량,160.50 ,7.00 ,49.62 ,0.00 ,49.62 ,0.42 ,0.00 ,0.00 ,0.00 ,0.00 ,0.00 ,0.00 ,0.00 ,0.42 ,4.44 ,9.66 ,4.80 ,4.50 ,5.46 ,5.40 ,4.68 ,5.52 ,13.86 ,0.48 ,46.14 ,49.62 ,5.52 ,0.00 ,0.00 ,0.00 
2020-10-29,1,발전량,245.46 ,10.00 ,49.62 ,0.00 ,49.62 ,0.18 ,0.00 ,0.00 ,0.00 ,0.00 ,0.00 ,0.00 ,0.00 ,1.02 ,3.90 ,16.26 ,6.90 ,5.40 ,6.30 ,5.28 ,15.60 ,25.20 ,14.28 ,0.18 ,46.14 ,49.62 ,49.38 ,0.00 ,0.00 ,0.00 
2020-10-30,1,발전량,228.90 ,10.00 ,49.74 ,0.00 ,49.74 ,0.24 ,0.00 ,0.00 ,0.00 ,0.00 ,0.00 ,0.00 ,0.00 ,1.26 ,4.32 ,15.54 ,6.78 ,5.76 ,5.88 ,5.70 ,10.38 ,24.36 ,3.18 ,0.24 ,46.32 ,49.74 ,49.44 ,0.00 ,0.00 ,0.00 
2020-10-31,1,발전량,258.66 ,11.00 ,49.68 ,0.00 ,49.68 ,0.48 ,0.00 ,0.00 ,0.00 ,0.00 ,0.00 ,0.00 ,0.00 ,1.26 ,4.86 ,15.96 ,6.90 ,5.70 ,5.88 ,5.40 ,21.24 ,35.76 ,9.84 ,0.48 ,46.08 ,49.62 ,49.68 ,0.00 ,0.00 ,0.00 
2020-11-01,1,발전량,55.98 ,2.00 ,19.14 ,0.00 ,19.14 ,1.02 ,0.00 ,0.00 ,0.00 ,0.00 ,0.00 ,0.00 ,0.00 ,1.02 ,4.44 ,5.76 ,4.62 ,4.20 ,4.44 ,4.32 ,3.48 ,2.46 ,2.10 ,0.00 ,19.14 ,0.00 ,0.00 ,0.00 ,0.00 ,0.00 
2020-11-02,1,발전량,167.10 ,7.00 ,49.74 ,0.00 ,49.74 ,0.18 ,0.00 ,0.00 ,0.00 ,0.00 ,0.00 ,0.00 ,0.00 ,1.32 ,4.56 ,12.24 ,5.34 ,4.32 ,5.52 ,5.70 ,5.46 ,4.08 ,10.74 ,0.18 ,46.20 ,49.74 ,11.70 ,0.00 ,0.00 ,0.00 
2020-11-03,1,발전량,302.88 ,13.00 ,49.92 ,0.00 ,49.92 ,0.24 ,0.00 ,0.00 ,0.00 ,0.00 ,0.00 ,0.00 ,0.00 ,1.68 ,5.52 ,16.74 ,6.96 ,5.82 ,5.82 ,5.76 ,44.52 ,41.10 ,23.46 ,0.24 ,46.38 ,49.92 ,48.96 ,0.00 ,0.00 ,0.00 
2020-11-04,1,발전량,301.86 ,13.00 ,49.98 ,0.00 ,49.98 ,0.42 ,0.00 ,0.00 ,0.00 ,0.00 ,0.00 ,0.00 ,0.00 ,1.14 ,3.84 ,15.78 ,6.96 ,5.76 ,5.88 ,5.76 ,41.94 ,42.42 ,25.86 ,0.42 ,46.32 ,49.98 ,49.80 ,0.00 ,0.00 ,0.00 
2020-11-05,1,발전량,213.06 ,9.00 ,49.86 ,0.00 ,49.86 ,1.80 ,0.00 ,0.00 ,0.00 ,0.00 ,0.00 ,0.00 ,0.00 ,1.80 ,5.40 ,14.70 ,6.72 ,5.58 ,4.98 ,6.12 ,7.20 ,11.94 ,4.20 ,0.00 ,46.26 ,49.86 ,48.30 ,0.00 ,0.00 ,0.00 
2020-11-06,1,발전량,75.12 ,3.00 ,26.10 ,0.00 ,26.10 ,2.46 ,0.00 ,0.00 ,0.00 ,0.00 ,0.00 ,0.00 ,0.00 ,2.70 ,8.34 ,9.06 ,5.28 ,4.20 ,4.38 ,4.38 ,4.50 ,3.72 ,2.46 ,0.00 ,26.10 ,0.00 ,0.00 ,0.00 ,0.00 ,0.00 
2020-11-07,1,발전량,216.84 ,9.00 ,49.62 ,0.00 ,49.62 ,0.36 ,0.00 ,0.00 ,0.00 ,0.00 ,0.00 ,0.00 ,0.00 ,0.36 ,5.16 ,11.88 ,5.82 ,5.34 ,6.00 ,5.16 ,5.40 ,11.70 ,16.44 ,0.00 ,46.02 ,49.62 ,47.94 ,0.00 ,0.00 ,0.00 
2020-11-08,1,발전량,256.44 ,11.00 ,49.68 ,0.00 ,49.68 ,1.02 ,0.00 ,0.00 ,0.00 ,0.00 ,0.00 ,0.00 ,0.00 ,1.02 ,4.08 ,13.98 ,6.60 ,5.76 ,5.82 ,5.76 ,15.42 ,35.34 ,17.22 ,0.00 ,46.08 ,49.68 ,49.68 ,0.00 ,0.00 ,0.00 
2020-11-09,1,발전량,287.46 ,12.00 ,49.98 ,0.00 ,49.98 ,0.66 ,0.00 ,0.00 ,0.00 ,0.00 ,0.00 ,0.00 ,0.00 ,0.66 ,3.12 ,14.70 ,6.78 ,5.70 ,5.88 ,5.70 ,37.32 ,40.74 ,21.18 ,0.00 ,46.38 ,49.98 ,49.32 ,0.00 ,0.00 ,0.00 
2020-11-10,1,발전량,278.52 ,12.00 ,49.86 ,0.00 ,49.86 ,0.78 ,0.00 ,0.00 ,0.00 ,0.00 ,0.00 ,0.00 ,0.00 ,0.78 ,3.54 ,13.86 ,6.72 ,5.76 ,5.82 ,5.76 ,30.18 ,39.54 ,21.24 ,0.00 ,46.38 ,49.86 ,49.08 ,0.00 ,0.00 ,0.00 
2020-11-11,1,발전량,247.68 ,10.00 ,49.86 ,0.00 ,49.86 ,0.60 ,0.00 ,0.00 ,0.00 ,0.00 ,0.00 ,0.00 ,0.00 ,0.60 ,3.48 ,13.38 ,6.60 ,5.70 ,5.70 ,5.64 ,14.22 ,32.94 ,14.82 ,0.00 ,46.26 ,49.86 ,48.48 ,0.00 ,0.00 ,0.00 
2020-11-12,1,발전량,248.34 ,10.00 ,49.74 ,0.00 ,49.74 ,0.60 ,0.00 ,0.00 ,0.00 ,0.00 ,0.00 ,0.00 ,0.00 ,0.60 ,3.54 ,12.96 ,6.54 ,5.70 ,5.76 ,5.70 ,12.36 ,34.74 ,15.96 ,0.00 ,46.20 ,49.74 ,48.54 ,0.00 ,0.00 ,0.00 
2020-11-13,1,발전량,226.92 ,9.00 ,49.74 ,0.00 ,49.74 ,0.84 ,0.00 ,0.00 ,0.00 ,0.00 ,0.00 ,0.00 ,0.00 ,0.84 ,3.90 ,12.66 ,6.42 ,5.64 ,5.70 ,5.58 ,5.28 ,25.68 ,10.98 ,0.00 ,46.08 ,49.74 ,48.42 ,0.00 ,0.00 ,0.00 
2020-11-14,1,발전량,51.72 ,2.00 ,11.58 ,0.00 ,11.58 ,0.66 ,0.00 ,0.00 ,0.00 ,0.00 ,0.00 ,0.00 ,0.00 ,0.66 ,4.14 ,11.58 ,5.52 ,5.94 ,5.64 ,5.40 ,4.50 ,4.56 ,3.78 ,0.00 ,0.00 ,0.00 ,0.00 ,0.00 ,0.00 ,0.00 
2020-11-15,1,발전량,250.56 ,10.00 ,46.32 ,0.00 ,46.32 ,1.26 ,0.00 ,0.00 ,0.00 ,0.00 ,0.00 ,0.00 ,0.00 ,1.26 ,5.70 ,15.84 ,23.64 ,32.64 ,43.62 ,46.32 ,33.48 ,32.88 ,15.18 ,0.00 ,0.00 ,0.00 ,0.00 ,0.00 ,0.00 ,0.00 
2020-11-16,1,발전량,235.62 ,10.00 ,41.94 ,0.00 ,41.94 ,1.08 ,0.00 ,0.00 ,0.00 ,0.00 ,0.00 ,0.00 ,0.00 ,1.08 ,4.92 ,12.60 ,24.90 ,35.46 ,41.94 ,41.64 ,35.58 ,27.72 ,9.78 ,0.00 ,0.00 ,0.00 ,0.00 ,0.00 ,0.00 ,0.00 
2020-11-17,1,발전량,188.04 ,8.00 ,37.32 ,0.00 ,37.32 ,0.18 ,0.00 ,0.00 ,0.00 ,0.00 ,0.00 ,0.00 ,0.00 ,0.18 ,4.74 ,9.66 ,21.60 ,33.54 ,33.66 ,23.88 ,37.32 ,18.60 ,4.86 ,0.00 ,0.00 ,0.00 ,0.00 ,0.00 ,0.00 ,0.00 
2020-11-18,1,발전량,272.40 ,11.00 ,49.44 ,0.00 ,49.44 ,1.14 ,0.00 ,0.00 ,0.00 ,0.00 ,0.00 ,0.00 ,0.00 ,1.14 ,6.66 ,13.02 ,14.64 ,6.24 ,14.52 ,26.76 ,34.32 ,10.62 ,2.10 ,0.00 ,45.96 ,49.44 ,46.98 ,0.00 ,0.00 ,0.00 
2020-11-19,1,발전량,28.20 ,1.00 ,5.64 ,0.00 ,5.64 ,0.48 ,0.00 ,0.00 ,0.00 ,0.00 ,0.00 ,0.00 ,0.00 ,0.00 ,1.26 ,2.70 ,2.34 ,0.48 ,2.04 ,3.78 ,3.06 ,3.66 ,3.24 ,0.00 ,5.64 ,0.00 ,0.00 ,0.00 ,0.00 ,0.00 
2020-11-20,1,발전량,248.40 ,10.00 ,49.74 ,0.00 ,49.74 ,0.48 ,0.00 ,0.00 ,0.00 ,0.00 ,0.00 ,0.00 ,0.00 ,0.48 ,2.40 ,11.88 ,6.42 ,5.82 ,5.70 ,5.82 ,13.92 ,36.12 ,14.70 ,0.00 ,46.20 ,49.74 ,49.20 ,0.00 ,0.00 ,0.00 
2020-11-21,1,발전량,175.38 ,7.00 ,49.92 ,0.00 ,49.92 ,0.30 ,0.00 ,0.00 ,0.00 ,0.00 ,0.00 ,0.00 ,0.00 ,0.30 ,3.06 ,12.12 ,6.48 ,5.28 ,5.94 ,4.20 ,5.40 ,4.20 ,3.36 ,0.00 ,46.32 ,49.92 ,28.80 ,0.00 ,0.00 ,0.00 
2020-11-22,1,발전량,32.04 ,1.00 ,6.48 ,0.00 ,6.48 ,2.88 ,0.00 ,0.00 ,0.00 ,0.00 ,0.00 ,0.00 ,0.00 ,0.00 ,0.00 ,3.48 ,3.96 ,3.18 ,3.90 ,4.26 ,3.90 ,2.88 ,0.00 ,0.00 ,6.48 ,0.00 ,0.00 ,0.00 ,0.00 ,0.00 
2020-11-23,1,발전량,247.74 ,10.00 ,49.98 ,0.00 ,49.98 ,0.12 ,0.00 ,0.00 ,0.00 ,0.00 ,0.00 ,0.00 ,0.00 ,0.12 ,2.52 ,11.58 ,6.48 ,5.70 ,5.70 ,5.70 ,14.04 ,36.84 ,14.22 ,0.00 ,46.32 ,49.98 ,48.54 ,0.00 ,0.00 ,0.00 
2020-11-24,1,발전량,234.78 ,10.00 ,49.92 ,0.00 ,49.92 ,2.34 ,0.00 ,0.00 ,0.00 ,0.00 ,0.00 ,0.00 ,0.00 ,0.00 ,2.34 ,7.56 ,6.18 ,5.22 ,5.88 ,5.64 ,9.06 ,35.94 ,13.32 ,0.00 ,46.32 ,49.92 ,47.40 ,0.00 ,0.00 ,0.00 
2020-11-25,1,발전량,242.22 ,10.00 ,49.92 ,0.00 ,49.92 ,0.42 ,0.00 ,0.00 ,0.00 ,0.00 ,0.00 ,0.00 ,0.00 ,0.42 ,2.70 ,11.04 ,6.42 ,5.52 ,5.64 ,5.64 ,12.78 ,35.22 ,12.66 ,0.00 ,46.32 ,49.92 ,47.94 ,0.00 ,0.00 ,0.00 
2020-11-26,1,발전량,174.84 ,7.00 ,49.98 ,0.00 ,49.98 ,2.46 ,0.00 ,0.00 ,0.00 ,0.00 ,0.00 ,0.00 ,0.00 ,0.00 ,2.46 ,8.10 ,5.46 ,4.56 ,6.00 ,5.52 ,5.34 ,4.08 ,3.66 ,0.00 ,46.38 ,49.98 ,33.30 ,0.00 ,0.00 ,0.00 
2020-11-27,1,발전량,178.32 ,7.00 ,49.98 ,0.00 ,49.98 ,3.42 ,0.00 ,0.00 ,0.00 ,0.00 ,0.00 ,0.00 ,0.00 ,0.00 ,3.42 ,8.88 ,6.12 ,5.58 ,5.70 ,4.92 ,5.04 ,3.72 ,9.18 ,0.00 ,46.26 ,49.98 ,29.52 ,0.00 ,0.00 ,0.00 
2020-11-28,1,발전량,184.32 ,8.00 ,50.10 ,0.00 ,50.10 ,0.12 ,0.00 ,0.00 ,0.00 ,0.00 ,0.00 ,0.00 ,0.00 ,0.12 ,3.42 ,10.62 ,6.24 ,5.46 ,5.34 ,4.92 ,5.34 ,3.84 ,3.72 ,0.00 ,46.62 ,50.10 ,38.58 ,0.00 ,0.00 ,0.00 
2020-11-29,1,발전량,240.60 ,10.00 ,50.10 ,0.00 ,50.10 ,2.16 ,0.00 ,0.00 ,0.00 ,0.00 ,0.00 ,0.00 ,0.00 ,0.00 ,2.16 ,10.44 ,6.24 ,5.58 ,5.58 ,5.52 ,14.88 ,34.26 ,12.78 ,0.00 ,46.38 ,50.10 ,46.68 ,0.00 ,0.00 ,0.00 
2020-11-30,1,발전량,240.90 ,10.00 ,50.10 ,0.00 ,50.10 ,0.30 ,0.00 ,0.00 ,0.00 ,0.00 ,0.00 ,0.00 ,0.00 ,0.30 ,2.76 ,9.90 ,6.30 ,5.40 ,5.52 ,5.52 ,13.92 ,35.16 ,12.72 ,0.00 ,46.50 ,50.10 ,46.80 ,0.00 ,0.00 ,0.00 
2020-12-01,1,발전량,205.38 ,9.00 ,49.98 ,0.00 ,49.98 ,0.24 ,0.00 ,0.00 ,0.00 ,0.00 ,0.00 ,0.00 ,0.00 ,0.24 ,2.70 ,10.44 ,6.18 ,5.40 ,5.52 ,5.46 ,4.74 ,17.40 ,4.14 ,0.00 ,46.38 ,49.98 ,46.80 ,0.00 ,0.00 ,0.00 
2020-12-02,1,발전량,158.22 ,7.00 ,50.04 ,0.00 ,50.04 ,2.70 ,0.00 ,0.00 ,0.00 ,0.00 ,0.00 ,0.00 ,0.00 ,0.00 ,2.70 ,9.30 ,5.52 ,5.52 ,4.56 ,4.56 ,5.46 ,4.86 ,11.10 ,0.00 ,46.38 ,50.04 ,8.22 ,0.00 ,0.00 ,0.00 
2020-12-03,1,발전량,228.12 ,10.00 ,50.10 ,0.00 ,50.10 ,2.70 ,0.00 ,0.00 ,0.00 ,0.00 ,0.00 ,0.00 ,0.00 ,0.00 ,2.70 ,9.84 ,6.00 ,5.58 ,5.64 ,5.52 ,5.16 ,32.16 ,12.24 ,0.00 ,46.38 ,50.10 ,46.80 ,0.00 ,0.00 ,0.00 
2020-12-04,1,발전량,227.46 ,9.00 ,50.04 ,0.00 ,50.04 ,2.04 ,0.00 ,0.00 ,0.00 ,0.00 ,0.00 ,0.00 ,0.00 ,0.00 ,2.04 ,9.30 ,6.24 ,4.38 ,5.58 ,4.68 ,7.98 ,31.26 ,12.96 ,0.00 ,46.38 ,50.04 ,46.62 ,0.00 ,0.00 ,0.00 
2020-12-05,1,발전량,212.64 ,9.00 ,50.10 ,0.00 ,50.10 ,1.98 ,0.00 ,0.00 ,0.00 ,0.00 ,0.00 ,0.00 ,0.00 ,0.00 ,1.98 ,9.06 ,6.12 ,5.58 ,5.58 ,5.28 ,4.44 ,19.86 ,11.58 ,0.00 ,46.38 ,50.10 ,46.68 ,0.00 ,0.00 ,0.00 
2020-12-06,1,발전량,229.08 ,10.00 ,50.10 ,0.00 ,50.10 ,2.34 ,0.00 ,0.00 ,0.00 ,0.00 ,0.00 ,0.00 ,0.00 ,0.00 ,2.34 ,9.06 ,6.06 ,5.64 ,5.58 ,5.46 ,6.36 ,33.96 ,11.82 ,0.00 ,46.32 ,50.10 ,46.38 ,0.00 ,0.00 ,0.00 
2020-12-07,1,발전량,126.78 ,5.00 ,46.26 ,0.00 ,46.26 ,4.44 ,0.00 ,0.00 ,0.00 ,0.00 ,0.00 ,0.00 ,0.00 ,0.00 ,4.56 ,5.82 ,4.86 ,4.74 ,4.98 ,4.44 ,5.40 ,4.56 ,7.38 ,0.00 ,46.26 ,33.78 ,0.00 ,0.00 ,0.00 ,0.00 
2020-12-08,1,발전량,229.02 ,10.00 ,50.10 ,0.00 ,50.10 ,0.06 ,0.00 ,0.00 ,0.00 ,0.00 ,0.00 ,0.00 ,0.00 ,0.06 ,3.24 ,10.62 ,6.48 ,5.34 ,5.52 ,5.46 ,5.16 ,32.52 ,11.28 ,0.00 ,46.38 ,50.10 ,46.86 ,0.00 ,0.00 ,0.00 
2020-12-09,1,발전량,226.32 ,9.00 ,50.16 ,0.00 ,50.16 ,0.06 ,0.00 ,0.00 ,0.00 ,0.00 ,0.00 ,0.00 ,0.00 ,0.06 ,2.40 ,9.00 ,5.94 ,5.34 ,5.52 ,5.40 ,5.28 ,31.80 ,13.02 ,0.00 ,46.38 ,50.16 ,46.02 ,0.00 ,0.00 ,0.00 
2020-12-10,1,발전량,89.94 ,4.00 ,46.38 ,0.00 ,46.38 ,0.24 ,0.00 ,0.00 ,0.00 ,0.00 ,0.00 ,0.00 ,0.00 ,0.00 ,0.24 ,2.10 ,3.96 ,4.62 ,4.32 ,4.92 ,5.52 ,4.02 ,5.58 ,0.00 ,46.38 ,8.28 ,0.00 ,0.00 ,0.00 ,0.00 
2020-12-11,1,발전량,178.02 ,7.00 ,49.98 ,0.00 ,49.98 ,1.44 ,0.00 ,0.00 ,0.00 ,0.00 ,0.00 ,0.00 ,0.00 ,0.00 ,4.26 ,9.84 ,5.76 ,5.46 ,5.34 ,5.52 ,4.74 ,4.14 ,1.44 ,0.00 ,46.26 ,49.98 ,35.28 ,0.00 ,0.00 ,0.00 
2020-12-12,1,발전량,219.78 ,9.00 ,50.04 ,0.00 ,50.04 ,5.28 ,0.00 ,0.00 ,0.00 ,0.00 ,0.00 ,0.00 ,0.00 ,0.00 ,5.82 ,10.20 ,5.94 ,5.46 ,5.52 ,5.58 ,5.28 ,21.96 ,11.04 ,0.00 ,46.38 ,50.04 ,46.56 ,0.00 ,0.00 ,0.00 
2020-12-13,1,발전량,174.84 ,7.00 ,49.98 ,0.00 ,49.98 ,3.18 ,0.00 ,0.00 ,0.00 ,0.00 ,0.00 ,0.00 ,0.00 ,0.00 ,3.18 ,10.14 ,5.70 ,4.80 ,5.58 ,5.28 ,5.22 ,4.50 ,3.30 ,0.00 ,46.32 ,49.98 ,30.84 ,0.00 ,0.00 ,0.00 
2020-12-14,1,발전량,193.62 ,8.00 ,50.22 ,0.00 ,50.22 ,1.62 ,0.00 ,0.00 ,0.00 ,0.00 ,0.00 ,0.00 ,0.00 ,0.00 ,1.62 ,7.80 ,5.46 ,5.34 ,4.92 ,5.94 ,4.80 ,6.18 ,9.42 ,0.00 ,46.50 ,50.22 ,45.42 ,0.00 ,0.00 ,0.00 
2020-12-15,1,발전량,244.80 ,10.00 ,50.28 ,0.00 ,50.28 ,1.62 ,0.00 ,0.00 ,0.00 ,0.00 ,0.00 ,0.00 ,0.00 ,0.00 ,1.62 ,7.92 ,6.00 ,5.40 ,5.34 ,5.40 ,16.92 ,38.70 ,15.48 ,0.00 ,46.62 ,50.28 ,45.12 ,0.00 ,0.00 ,0.00 
2020-12-16,1,발전량,239.82 ,10.00 ,50.40 ,0.00 ,50.40 ,1.68 ,0.00 ,0.00 ,0.00 ,0.00 ,0.00 ,0.00 ,0.00 ,0.00 ,1.68 ,7.62 ,5.94 ,5.34 ,5.40 ,5.34 ,12.90 ,38.58 ,15.36 ,0.00 ,46.62 ,50.40 ,44.64 ,0.00 ,0.00 ,0.00 
2020-12-17,1,발전량,237.18 ,10.00 ,50.34 ,0.00 ,50.34 ,1.44 ,0.00 ,0.00 ,0.00 ,0.00 ,0.00 ,0.00 ,0.00 ,0.00 ,1.44 ,7.44 ,5.88 ,5.46 ,5.46 ,5.40 ,12.00 ,37.02 ,15.42 ,0.00 ,46.62 ,50.34 ,44.70 ,0.00 ,0.00 ,0.00 
2020-12-18,1,발전량,142.86 ,6.00 ,50.22 ,0.00 ,50.22 ,1.14 ,0.00 ,0.00 ,0.00 ,0.00 ,0.00 ,0.00 ,0.00 ,0.00 ,3.00 ,9.00 ,5.88 ,5.58 ,4.98 ,3.90 ,4.74 ,4.44 ,3.42 ,0.00 ,46.56 ,50.22 ,1.14 ,0.00 ,0.00 ,0.00 
2020-12-19,1,발전량,254.16 ,11.00 ,50.34 ,0.00 ,50.34 ,3.60 ,0.00 ,0.00 ,0.00 ,0.00 ,0.00 ,0.00 ,0.00 ,0.00 ,3.60 ,7.38 ,5.94 ,5.40 ,5.58 ,5.46 ,20.70 ,40.80 ,17.46 ,0.00 ,46.62 ,50.34 ,44.88 ,0.00 ,0.00 ,0.00 
2020-12-20,1,발전량,234.54 ,10.00 ,50.28 ,0.00 ,50.28 ,4.32 ,0.00 ,0.00 ,0.00 ,0.00 ,0.00 ,0.00 ,0.00 ,0.00 ,4.32 ,8.82 ,5.94 ,5.46 ,5.40 ,5.40 ,9.36 ,34.92 ,13.02 ,0.00 ,46.50 ,50.28 ,45.12 ,0.00 ,0.00 ,0.00 
2020-12-21,1,발전량,171.00 ,7.00 ,50.28 ,0.00 ,50.28 ,2.16 ,0.00 ,0.00 ,0.00 ,0.00 ,0.00 ,0.00 ,0.00 ,0.00 ,2.16 ,7.98 ,5.22 ,4.68 ,5.64 ,5.28 ,5.04 ,4.56 ,9.18 ,0.00 ,46.50 ,50.28 ,24.48 ,0.00 ,0.00 ,0.00 
2020-12-22,1,발전량,169.62 ,7.00 ,50.22 ,0.00 ,50.22 ,2.52 ,0.00 ,0.00 ,0.00 ,0.00 ,0.00 ,0.00 ,0.00 ,0.00 ,2.52 ,8.46 ,5.64 ,5.22 ,5.28 ,5.22 ,4.68 ,4.38 ,7.08 ,0.00 ,46.44 ,50.22 ,24.48 ,0.00 ,0.00 ,0.00 
2020-12-23,1,발전량,133.14 ,6.00 ,46.38 ,0.00 ,46.38 ,3.90 ,0.00 ,0.00 ,0.00 ,0.00 ,0.00 ,0.00 ,0.00 ,0.00 ,3.90 ,8.22 ,5.46 ,4.86 ,5.04 ,4.44 ,4.50 ,4.98 ,10.14 ,0.00 ,46.38 ,35.22 ,0.00 ,0.00 ,0.00 ,0.00 
2020-12-24,1,발전량,189.24 ,8.00 ,50.04 ,0.00 ,50.04 ,1.86 ,0.00 ,0.00 ,0.00 ,0.00 ,0.00 ,0.00 ,0.00 ,0.00 ,1.86 ,6.96 ,5.34 ,5.40 ,5.34 ,5.34 ,5.34 ,4.74 ,10.98 ,0.00 ,46.26 ,50.04 ,41.64 ,0.00 ,0.00 ,0.00 
2020-12-25,1,발전량,228.84 ,10.00 ,50.10 ,0.00 ,50.10 ,1.68 ,0.00 ,0.00 ,0.00 ,0.00 ,0.00 ,0.00 ,0.00 ,0.00 ,1.68 ,6.60 ,5.82 ,5.46 ,5.52 ,5.58 ,5.34 ,34.44 ,16.50 ,0.00 ,46.32 ,50.10 ,45.48 ,0.00 ,0.00 ,0.00 
2020-12-26,1,발전량,207.42 ,9.00 ,50.10 ,0.00 ,50.10 ,3.06 ,0.00 ,0.00 ,0.00 ,0.00 ,0.00 ,0.00 ,0.00 ,0.00 ,3.06 ,7.44 ,5.82 ,5.34 ,5.40 ,5.52 ,5.16 ,15.42 ,12.00 ,0.00 ,46.32 ,50.10 ,45.84 ,0.00 ,0.00 ,0.00 
2020-12-27,1,발전량,62.88 ,3.00 ,27.06 ,0.00 ,27.06 ,0.06 ,0.00 ,0.00 ,0.00 ,0.00 ,0.00 ,0.00 ,0.00 ,0.00 ,3.30 ,9.00 ,5.28 ,4.14 ,4.62 ,4.02 ,4.14 ,1.26 ,0.06 ,0.00 ,27.06 ,0.00 ,0.00 ,0.00 ,0.00 ,0.00 
2020-12-28,1,발전량,208.02 ,9.00 ,50.04 ,0.00 ,50.04 ,0.84 ,0.00 ,0.00 ,0.00 ,0.00 ,0.00 ,0.00 ,0.00 ,0.00 ,0.84 ,5.28 ,5.10 ,5.70 ,5.52 ,5.52 ,5.34 ,17.16 ,15.18 ,0.00 ,46.26 ,50.04 ,46.08 ,0.00 ,0.00 ,0.00 
2020-12-29,1,발전량,121.08 ,5.00 ,46.26 ,0.00 ,46.26 ,2.76 ,0.00 ,0.00 ,0.00 ,0.00 ,0.00 ,0.00 ,0.00 ,0.00 ,2.76 ,10.20 ,5.10 ,5.82 ,4.86 ,4.92 ,3.60 ,3.00 ,0.00 ,0.00 ,46.26 ,34.56 ,0.00 ,0.00 ,0.00 ,0.00 
2020-12-30,1,발전량,261.30 ,11.00 ,50.28 ,0.00 ,50.28 ,1.86 ,0.00 ,0.00 ,0.00 ,0.00 ,0.00 ,0.00 ,0.00 ,0.00 ,1.86 ,6.84 ,5.94 ,5.52 ,5.46 ,5.28 ,22.86 ,42.96 ,22.56 ,0.00 ,46.44 ,50.28 ,45.30 ,0.00 ,0.00 ,0.00 
2020-12-31,1,발전량,250.08 ,10.00 ,50.34 ,0.00 ,50.34 ,1.38 ,0.00 ,0.00 ,0.00 ,0.00 ,0.00 ,0.00 ,0.00 ,0.00 ,1.38 ,6.72 ,5.88 ,5.40 ,5.46 ,5.34 ,17.94 ,40.62 ,20.22 ,0.00 ,46.56 ,50.34 ,44.22 ,0.00 ,0.00 ,0.00 
