"¿ù","ÀÏ"," 1h "," 2h "," 3h "," 4h "," 5h "," 6h "," 7h "," 8h "," 9h "," 10h "," 11h "," 12h "," 13h "," 14h "," 15h "," 16h "," 17h "," 18h "," 19h "," 20h "," 21h "," 22h "," 23h "," 24h "," °è "
"01","01","0","0","0","0","0","0","0","0","6.84","59.52","329.04","196.68","265.2","849.96","600.84","189.84","76.68","8.16","0","0","0","0","0","0","2583"
"01","02","0","0","0","0","0","0","0","0","17.04","237.6","883.8","967.32","971.52","684.36","606.72","518.88","155.4","10.08","0","0","0","0","0","0","5053"
"01","03","0","0","0","0","0","0","0","0.24","48.6","458.64","965.76","1258.68","1240.2","1308.12","1186.68","687.84","148.44","11.04","0","0","0","0","0","0","7314"
"01","04","0","0","0","0","0","0","0","1.08","42","190.92","67.2","121.68","211.68","227.28","108.72","49.56","19.44","0","0","0","0","0","0","0","1040"
"01","05","0","0","0","0","0","0","0","0","8.28","40.92","126","700.08","1130.04","1125.24","1107.36","708.6","205.08","11.4","0","0","0","0","0","0","5163"
"01","06","0","0","0","0","0","0","0","0.12","41.28","439.8","940.08","1268.52","1337.88","1334.4","1216.92","778.08","216.48","8.76","0","0","0","0","0","0","7582"
"01","07","0","0","0","0","0","0","0","0.48","64.08","407.76","907.44","1180.2","1195.44","1027.2","818.52","470.52","130.92","14.76","0","0","0","0","0","0","6217"
"01","08","0","0","0","0","0","0","0","0","7.68","160.32","687","928.44","798.96","286.2","518.04","387.96","83.52","11.64","0","0","0","0","0","0","3870"
"01","09","0","0","0","0","0","0","0","0.12","91.56","335.88","843.72","907.44","668.88","487.2","267","198.96","114.72","13.56","0","0","0","0","0","0","3929"
"01","10","0","0","0","0","0","0","0","0","37.08","171.48","481.68","1064.88","882","365.28","192","95.28","71.04","3.96","0","0","0","0","0","0","3365"
"01","11","0","0","0","0","0","0","0","0","32.28","415.2","765","860.76","768.12","1109.76","964.92","334.8","87.48","3.96","0","0","0","0","0","0","5342"
"01","12","0","0","0","0","0","0","0","0","23.52","131.28","533.16","826.56","775.8","968.76","876.12","579.48","218.4","21.6","0","0","0","0","0","0","4955"
"01","13","0","0","0","0","0","0","0","0","54.12","362.04","770.4","969.6","1153.56","1088.16","977.28","628.32","247.68","24.24","0","0","0","0","0","0","6275"
"01","14","0","0","0","0","0","0","0","0.12","66.72","337.92","705.12","967.92","1041.96","812.88","793.92","483.48","175.92","11.76","0","0","0","0","0","0","5398"
"01","15","0","0","0","0","0","0","0","0","52.56","295.44","610.92","517.68","701.52","674.52","570.48","283.8","20.88","0","0","0","0","0","0","0","3728"
"01","16","0","0","0","0","0","0","0","0.6","68.28","549.12","1049.16","1285.08","1374.6","1348.44","1240.68","885.36","314.16","16.68","0","0","0","0","0","0","8132"
"01","17","0","0","0","0","0","0","0","0","44.76","414.96","719.04","699.48","638.52","957.84","1114.92","864.24","262.8","18.96","0","0","0","0","0","0","5736"
"01","18","0","0","0","0","0","0","0","0.36","70.32","454.44","905.76","1133.52","1153.2","1183.92","1077.72","622.2","303.24","20.88","0","0","0","0","0","0","6926"
"01","19","0","0","0","0","0","0","0","0.12","76.08","506.4","1009.92","1012.92","247.8","40.68","50.16","22.08","0.48","0","0","0","0","0","0","0","2967"
"01","20","0","0","0","0","0","0","0","0","79.92","214.56","834.6","788.76","742.56","713.76","971.76","627.6","171","31.56","0","0","0","0","0","0","5176"
"01","21","0","0","0","0","0","0","0","0.6","66.24","463.8","829.08","1278","1372.08","1299.84","1045.8","511.2","283.92","30.72","0","0","0","0","0","0","7181"
"01","22","0","0","0","0","0","0","0","0.12","71.28","449.88","920.88","1124.52","1304.52","1267.56","1094.52","798.24","292.68","33.12","0","0","0","0","0","0","7357"
"01","23","0","0","0","0","0","0","0","0.48","79.56","451.56","812.04","988.8","1210.68","1223.28","1020","712.44","293.4","39.6","0","0","0","0","0","0","6832"
"01","24","0","0","0","0","0","0","0","0.96","91.32","661.44","1079.16","1267.44","1329.84","1274.04","1207.56","975.6","440.4","34.2","0","0","0","0","0","0","8362"
"01","25","0","0","0","0","0","0","0","0","66.72","221.28","610.8","707.04","817.8","359.64","144.36","259.92","133.2","25.44","0","0","0","0","0","0","3346"
"01","26","0","0","0","0","0","0","0","0.72","72.48","559.08","725.4","1250.16","1423.08","1406.28","1280.28","1060.44","480.36","45.12","0","0","0","0","0","0","8303"
"01","27","0","0","0","0","0","0","0","1.32","126.36","691.44","1097.52","1260","1324.2","1336.8","1209.6","990.72","483.84","37.92","0","0","0","0","0","0","8560"
"01","28","0","0","0","0","0","0","0","0","19.08","67.08","186.24","704.4","897.24","905.88","825.24","888.12","402.24","49.92","0","0","0","0","0","0","4945"
"01","29","0","0","0","0","0","0","0","2.04","149.76","709.08","1103.4","1279.44","1330.92","1317.84","1194.72","997.2","533.64","51.84","0","0","0","0","0","0","8670"
"01","30","0","0","0","0","0","0","0","0","18.36","118.08","243.72","338.76","609.96","650.64","341.28","246.96","67.32","17.64","0","0","0","0","0","0","2653"
"01","31","0","0","0","0","0","0","0","0","0","2.28","31.56","42.6","54.36","171.24","703.44","774.72","478.56","83.64","0","0","0","0","0","0","2342"
"02","01","0","0","0","0","0","0","0","1.68","160.92","446.28","655.8","602.52","882.84","1199.52","1237.32","1034.04","588.36","79.08","0.12","0","0","0","0","0","6888"
"02","02","0","0","0","0","0","0","0","0","22.8","113.4","431.04","1128.12","1264.08","1255.56","1040.76","364.56","71.52","15.24","0","0","0","0","0","0","5707"
"02","03","0","0","0","0","0","0","0","0","0","0","5.4","0","1.8","19.2","28.8","2.88","0","0","0","0","0","0","0","0","58"
"02","04","0","0","0","0","0","0","0","2.88","177.24","669.6","1029.24","1224","1299","1275.72","1180.44","833.52","360.84","57","0","0","0","0","0","0","8109"
"02","05","0","0","0","0","0","0","0","4.68","197.88","690.72","1044.48","1205.88","1276.08","1270.92","1166.52","878.88","278.04","57","0","0","0","0","0","0","8071"
"02","06","0","0","0","0","0","0","0","0.6","169.8","681.24","580.32","617.04","342","834.48","597.36","399.72","310.44","82.68","0","0","0","0","0","0","4616"
"02","07","0","0","0","0","0","0","0","0","0.84","34.92","248.88","330.96","733.92","485.4","351.84","664.68","551.64","139.08","0.6","0","0","0","0","0","3543"
"02","08","0","0","0","0","0","0","0","0.12","43.56","264.72","447","980.88","1257","1235.52","1125.72","776.04","451.68","60.96","0","0","0","0","0","0","6643"
"02","09","0","0","0","0","0","0","0","0","26.04","160.56","267.12","502.32","777.12","989.52","962.52","796.56","533.16","120.48","1.44","0","0","0","0","0","5137"
"02","10","0","0","0","0","0","0","0","8.04","115.56","237.6","743.28","431.4","762.12","1147.92","467.64","265.92","108.48","22.44","0","0","0","0","0","0","4310"
"02","11","0","0","0","0","0","0","0","0","17.88","155.64","412.68","524.76","778.08","662.64","310.32","422.88","488.28","69.24","1.44","0","0","0","0","0","3844"
"02","12","0","0","0","0","0","0","0","7.8","250.2","698.76","993.12","1172.76","1268.4","1247.4","1078.2","621.96","193.8","37.32","0.96","0","0","0","0","0","7571"
"02","13","0","0","0","0","0","0","0","7.68","205.8","621.84","984.48","1168.08","1226.52","1209.12","1119.72","888.84","496.44","100.2","2.4","0","0","0","0","0","8031"
"02","14","0","0","0","0","0","0","0","2.88","46.92","317.04","673.68","723.36","797.64","955.32","878.88","1022.4","686.52","202.08","2.16","0","0","0","0","0","6309"
"02","15","0","0","0","0","0","0","0","0.36","34.44","69.36","163.2","276.72","329.88","270.36","250.2","310.32","223.8","97.68","0","0","0","0","0","0","2026"
"02","16","0","0","0","0","0","0","0","0","58.44","345.24","565.2","525.36","817.68","742.56","416.52","360","114.72","30.6","0","0","0","0","0","0","3976"
"02","17","0","0","0","0","0","0","0","7.56","147.84","769.2","966.6","1298.88","1421.28","1418.04","1298.76","1073.28","666.6","228.12","4.08","0","0","0","0","0","9300"
"02","18","0","0","0","0","0","0","0","4.92","89.88","220.32","196.68","138.12","227.04","285.84","118.08","102.48","72.72","20.52","0","0","0","0","0","0","1477"
"02","19","0","0","0","0","0","0","0","0","0.6","27.12","76.8","99.24","120.24","127.08","228.96","189.12","85.68","24.36","0","0","0","0","0","0","979"
"02","20","0","0","0","0","0","0","0","1.44","48.12","101.64","273.6","718.8","853.56","799.92","832.2","858.84","466.2","144","4.2","0","0","0","0","0","5103"
"02","21","0","0","0","0","0","0","0","14.04","229.68","639.12","992.76","1216.08","1319.28","1245.72","976.2","607.68","312.84","95.28","3.6","0","0","0","0","0","7652"
"02","22","0","0","0","0","0","0","0","8.16","141.6","412.68","538.44","522.96","271.2","609.48","470.04","324.6","138.36","84.48","5.64","0","0","0","0","0","3528"
"02","23","0","0","0","0","0","0","0","20.16","276.84","682.56","1017.72","1104.36","1117.44","893.64","972.84","798.84","514.68","178.32","8.88","0","0","0","0","0","7586"
"02","24","0","0","0","0","0","0","0","24.6","327.72","724.08","978.36","1109.52","1262.04","1221.36","1165.92","980.88","647.64","250.44","9.48","0","0","0","0","0","8702"
"02","25","0","0","0","0","0","0","0","32.52","294.72","570.96","870.96","1083.6","1177.92","1147.32","1103.64","909.36","539.64","161.04","10.2","0","0","0","0","0","7902"
"02","26","0","0","0","0","0","0","0","29.16","308.4","698.64","984.12","1155.24","1274.64","1268.4","1156.68","837.36","581.88","135.48","6.36","0","0","0","0","0","8436"
"02","27","0","0","0","0","0","0","0","1.68","86.28","349.8","573.36","537.12","319.92","407.04","188.04","173.64","59.88","29.76","0","0","0","0","0","0","2727"
"02","28","0","0","0","0","0","0","0","25.8","288.96","598.08","808.32","1031.04","1195.92","1057.08","522","488.28","171.36","73.08","9.72","0","0","0","0","0","6270"
"03","01","0","0","0","0","0","0","0","3.96","162.72","512.88","975.96","1176.24","1217.28","1182.12","1151.16","856.56","416.16","130.08","8.76","0","0","0","0","0","7794"
"03","02","0","0","0","0","0","0","0","8.88","75.84","225","620.64","633.72","643.92","444.96","538.44","362.04","161.28","45.6","1.8","0","0","0","0","0","3762"
"03","03","0","0","0","0","0","0","0","9.12","89.88","161.16","350.64","446.88","383.88","320.16","240.6","138.6","149.04","53.88","5.16","0","0","0","0","0","2349"
"03","04","0","0","0","0","0","0","0","21","148.08","300.12","587.76","960.12","1097.4","1072.56","943.92","731.52","477.48","172.92","13.08","0","0","0","0","0","6526"
"03","05","0","0","0","0","0","0","0","9.96","77.28","172.8","515.04","521.88","445.68","408.96","341.16","191.28","96.12","24.24","0","0","0","0","0","0","2804"
"03","06","0","0","0","0","0","0","0","2.88","57.6","153.96","583.2","1056.48","1279.8","1007.16","861","897.36","556.92","237.6","15.84","0","0","0","0","0","6710"
"03","07","0","0","0","0","0","0","0","32.64","321.24","765","1113.96","1258.8","1405.08","1375.8","1236.96","1023.24","683.64","288.96","23.52","0","0","0","0","0","9529"
"03","08","0","0","0","0","0","0","0","70.08","298.32","861.12","1147.56","1302.36","1349.04","1324.92","1229.64","1050.96","750.24","336.84","31.08","0","0","0","0","0","9752"
"03","09","0","0","0","0","0","0","0","76.68","321.72","641.28","725.52","679.56","1073.52","613.8","331.68","280.56","183.36","53.88","3.72","0","0","0","0","0","4985"
"03","10","0","0","0","0","0","0","0","0","24.36","73.56","284.28","338.28","270","198.84","208.8","97.44","164.04","195","23.64","0","0","0","0","0","1878"
"03","11","0","0","0","0","0","0","0","53.76","277.68","596.04","846","554.88","897.72","538.44","225.72","290.52","88.44","0.12","0","0","0","0","0","0","4369"
"03","12","0","0","0","0","0","0","0","27.24","126.12","309.12","834.96","1100.76","1202.4","1163.16","1014.96","418.56","225","110.88","12.6","0","0","0","0","0","6546"
"03","13","0","0","0","0","0","0","0","105.12","462.72","835.68","991.8","941.88","1391.88","1341.96","1230","1004.16","673.68","256.68","19.08","0","0","0","0","0","9255"
"03","14","0","0","0","0","0","0","0","49.56","349.08","684.24","26.52","0","0","0","0","0","93.84","300.12","32.04","0","0","0","0","0","1535"
"03","15","0","0","0","0","0","0","0","46.8","184.68","395.88","799.68","454.44","1141.32","569.88","658.2","547.32","365.76","173.76","36.72","0","0","0","0","0","5374"
"03","16","0","0","0","0","0","0","0","45.36","253.44","702.96","1028.16","1211.16","1288.08","1253.28","1155.48","970.08","649.44","282","29.64","0","0","0","0","0","8869"
"03","17","0","0","0","0","0","0","0","91.56","448.56","819.84","1081.44","1266.24","1368.72","1356.12","1255.68","1049.88","735.96","339.12","31.8","0","0","0","0","0","9845"
"03","18","0","0","0","0","0","0","0","72.72","313.8","665.88","751.44","627.12","466.2","0","0","454.2","291.36","133.56","9.12","0","0","0","0","0","3785"
"03","19","0","0","0","0","0","0","0.24","95.28","362.52","740.76","973.08","1110.72","1152.48","1086","977.76","775.8","494.52","203.64","23.76","0","0","0","0","0","7997"
"03","20","0","0","0","0","0","0","0","35.28","148.56","250.56","243.12","192.24","179.76","60.12","99.12","55.68","30.48","0","0","0","0","0","0","0","1295"
"03","21","0","0","0","0","0","0","0","0.24","26.88","57","152.28","279.96","324.24","657.6","308.28","240.84","171.6","67.08","2.16","0","0","0","0","0","2288"
"03","22","0","0","0","0","0","0","0","43.8","199.68","348.12","643.44","106.92","1434.6","1419.84","1168.2","1093.8","768.36","360","46.44","0","0","0","0","0","7633"
"03","23","0","0","0","0","0","0","0.24","123.12","498.6","852.36","1093.2","1227.6","1285.44","793.8","285.36","364.92","536.76","351.24","55.56","0","0","0","0","0","7468"
"03","24","0","0","0","0","0","0","3","162.12","524.04","878.76","1086.36","1299","1392.6","1377.48","1269.48","1068.48","731.52","330.84","44.76","0","0","0","0","0","10168"
"03","25","0","0","0","0","0","0","1.08","87.6","262.32","358.68","600.48","881.16","929.04","885.72","790.56","699.36","475.56","192.12","32.88","0","0","0","0","0","6197"
"03","26","0","0","0","0","0","0","1.56","88.08","333.96","692.28","933.84","1181.88","1242.84","1236.48","1131.96","918.96","626.52","275.28","38.16","0","0","0","0","0","8702"
"03","27","0","0","0","0","0","0","3","103.2","375.84","720.12","938.04","1104.84","1088.52","1040.64","1118.88","767.4","541.32","172.2","24.6","0","0","0","0","0","7999"
"03","28","0","0","0","0","0","0","0","75.12","334.44","696.36","968.76","1016.52","1014","1009.56","860.28","611.64","379.2","178.32","20.88","0","0","0","0","0","7165"
"03","29","0","0","0","0","0","0","2.64","104.16","435.72","656.76","801.36","1140.96","193.32","872.88","878.76","835.68","537.48","193.32","33.6","0","0","0","0","0","6687"
"03","30","0","0","0","0","0","0","0.96","100.92","429.84","751.92","1005.96","1062.48","1023.12","1056.24","802.92","724.68","566.88","218.76","38.28","0","0","0","0","0","7783"
"03","31","0","0","0","0","0","0","2.88","127.44","539.64","761.16","1135.8","1236.96","1177.44","1037.28","823.68","685.44","756.24","336.72","54.48","0","0","0","0","0","8675"
"04","01","0","0","0","0","0","0","5.64","162","522.72","873.48","1135.32","1237.32","1343.88","1313.64","1178.88","949.32","615.72","249.6","37.44","0","0","0","0","0","9625"
"04","02","0","0","0","0","0","0","5.4","172.68","548.28","912.36","1152.72","1306.08","1362.24","1346.52","1238.64","1014.36","690.12","323.16","49.56","0","0","0","0","0","10122"
"04","03","0","0","0","0","0","0","9","185.28","525.72","865.92","1110.84","1279.8","1368.84","1356.6","1244.76","1032.72","726.72","348.6","52.8","0","0","0","0","0","10108"
"04","04","0","0","0","0","0","0","8.04","115.56","491.28","857.52","1091.52","1227.6","1293.36","1269.84","1136.64","867.6","564.36","289.08","56.04","0","0","0","0","0","9268"
"04","05","0","0","0","0","0","0","8.04","68.52","178.56","380.04","852.84","889.32","740.16","855.12","947.64","736.2","509.16","247.32","45","0","0","0","0","0","6458"
"04","06","0","0","0","0","0","0","11.64","163.92","469.8","783.12","1008.6","1157.28","1203.24","1162.2","1037.28","823.2","509.04","219.84","38.16","0","0","0","0","0","8587"
"04","07","0","0","0","0","0","0","0","14.64","49.92","90","123.24","180.96","178.2","12.84","0","32.28","38.16","26.04","0","0","0","0","0","0","746"
"04","08","0","0","0","0","0","0","11.52","153.36","510.96","813.48","1069.08","1202.52","1127.28","1211.88","1030.32","857.76","560.04","214.44","42.84","0","0","0","0","0","8805"
"04","09","0","0","0","0","0","0","10.68","111.48","345.6","625.56","624.6","150.84","265.32","47.64","37.44","12.48","8.04","0","0","0","0","0","0","0","2240"
"04","10","0","0","0","0","0","0","0","32.64","50.88","71.76","86.76","120.72","273.36","222.12","183.36","117","211.32","77.16","10.56","0","0","0","0","0","1458"
"04","11","0","0","0","0","0","0","12.72","129.6","245.28","500.64","667.68","620.04","729.84","663.12","481.44","563.88","416.28","225.6","42.24","0","0","0","0","0","5298"
"04","12","0","0","0","0","0","0","16.44","178.2","509.64","853.8","1078.92","1212.24","1046.28","1262.52","1166.64","970.44","639.48","249.84","53.76","0","0","0","0","0","9238"
"04","13","0","0","0","0","0","0","9.24","135.84","262.2","584.88","607.8","737.4","1046.76","633","641.52","705.72","644.76","271.68","76.2","0","0","0","0","0","6357"
"04","14","0","0","0","0","0","0","0.6","55.56","126.6","231.12","108","102.48","164.76","121.68","419.64","455.64","601.44","331.08","60.96","0","0","0","0","0","2780"
"04","15","0","0","0","0","0","0","18.36","208.68","567","895.56","1104.12","1226.16","1288.92","1272.84","1156.44","958.92","653.4","290.76","57.96","0","0","0","0","0","9699"
"04","16","0","0","0","0","0","0","20.52","180.12","554.4","855.36","988.2","986.4","888.96","748.68","755.4","539.28","384.84","164.28","31.2","0","0","0","0","0","7098"
"04","17","0","0","0","0","0","0","11.04","51","370.92","696.96","935.64","939.36","822.96","601.32","1058.28","905.64","506.16","189","75","0","0","0","0","0","7163"
"04","18","0","0","0","0","0","0","20.4","200.52","537.72","846.6","1077","1179.24","1191.96","1196.52","1096.56","893.88","624","286.32","58.8","0","0","0","0","0","9210"
"04","19","0","0","0","0","0","0","0","54","136.8","219.24","189.48","207.12","448.8","224.16","430.92","437.04","129.48","45.72","15.96","0","0","0","0","0","2539"
"04","20","0","0","0","0","0","0","25.92","197.52","527.16","843.48","1061.76","1186.68","1227.12","1188.84","1076.04","889.2","625.2","316.92","75.6","0.48","0","0","0","0","9242"
"04","21","0","0","0","0","0","0","35.4","220.68","503.76","570.12","437.4","610.92","875.88","858.84","574.2","404.88","284.88","117.36","33.96","0","0","0","0","0","5528"
"04","22","0","0","0","0","0","0","34.44","234.6","555.48","838.32","1029.12","1154.88","1201.56","1178.64","1062.36","789.84","637.68","258.48","66.6","0.24","0","0","0","0","9042"
"04","23","0","0","0","0","0","0","0","28.68","83.76","107.28","124.2","125.04","136.08","214.92","371.28","168.36","120.36","59.16","8.04","0","0","0","0","0","1547"
"04","24","0","0","0","0","0","0","1.08","82.56","85.56","402.96","247.44","209.52","311.04","218.64","145.92","140.52","111.12","57.24","20.52","0","0","0","0","0","2034"
"04","25","0","0","0","0","0","0","12.72","71.28","66.12","205.8","215.52","531","450.96","288","152.76","152.16","43.2","5.28","3","0","0","0","","","2198"
"04","26","0","0","0","0","0","0","0","0","0","0","0","25.08","166.68","186.6","185.16","110.4","126.72","48.6","13.8","0","0","0","0","0","863"
"04","27","0","0","0","0","0","0","47.16","273.36","599.88","847.32","1033.8","1234.8","1076.64","1296.84","895.32","464.4","299.4","70.08","14.76","0","0","0","0","0","8154"
"04","28","0","0","0","0","0","0","7.08","38.64","78.96","121.92","207.6","285.6","334.92","572.28","718.8","643.08","465.36","220.32","58.2","0.36","0","0","0","0","3753"
"04","29","0","0","0","0","0","0","1.92","24.84","53.16","69.96","0","0","0","0","0","27.48","52.92","32.88","1.56","0","0","0","0","0","265"
"04","30","0","0","0","0","0","0","31.44","97.08","171.24","308.4","431.04","567.6","918.72","1159.08","810.48","878.16","704.88","309.24","135.24","3.96","0","0","0","0","6527"
"05","01","0","0","0","0","0","0","36.36","147.48","400.68","641.52","770.04","1031.16","1158.72","1112.16","919.8","855.6","636.24","348.48","78.12","1.8","0","0","0","0","8138"
"05","02","0","0","0","0","0","0","56.28","295.44","628.92","907.2","1114.68","1266.12","1318.56","1279.8","1177.56","992.88","718.2","385.08","98.4","3.12","0","0","0","0","10242"
"05","03","0","0","0","0","0","0","57.12","291.12","623.28","899.76","1088.52","1191.48","1231.32","1194.6","1098.96","942.48","686.4","366.12","99.6","3.36","0","0","0","0","9774"
"05","04","0","0","0","0","0","0","60.6","281.76","588.36","723.96","958.32","1018.32","1029.6","828","816.36","724.56","495.48","254.04","102.24","1.8","0","0","0","0","7883"
"05","05","0","0","0","0","0","0","58.44","257.52","543.36","869.4","907.2","1161.48","1199.4","1196.28","1088.88","915.12","608.28","260.64","97.68","4.56","0","0","0","0","9168"
"05","06","0","0","0","0","0","0","67.08","261.24","592.44","936.24","1175.64","1313.76","1376.76","1350","1236","1036.68","768.72","417.12","106.32","4.32","0","0","0","0","10642"
"05","07","0","0","0","0","0","0","64.2","326.52","653.64","944.76","1148.76","1252.08","1273.2","1262.76","1176.24","992.52","726.6","395.88","106.8","4.44","0","0","0","0","10328"
"05","08","0","0","0","0","0","0.24","84.48","319.32","562.32","875.64","1016.52","773.64","955.32","906.48","705.24","612.48","427.2","236.76","72.48","3.48","0","0","0","0","7552"
"05","09","0","0","0","0","0","0","17.64","89.28","330.6","617.88","1114.92","1234.56","1235.28","1241.76","1144.44","966.6","701.4","341.4","116.52","8.28","0","0","0","0","9161"
"05","10","0","0","0","0","0","0","72.96","257.64","517.8","876.72","1045.32","1032","1162.56","1029.84","1099.08","941.4","681.24","364.2","113.76","4.68","0","0","0","0","9199"
"05","11","0","0","0","0","0","0.12","69.72","294.72","609.36","874.68","1063.08","1183.92","1239.24","1174.08","1025.76","923.88","548.28","271.44","92.16","4.68","0","0","0","0","9375"
"05","12","0","0","0","0","0","0","77.16","250.2","536.64","795.6","1030.2","936.84","1174.68","1102.68","1080.36","891.72","658.08","381.84","109.92","5.76","0","0","0","0","9032"
"05","13","0","0","0","0","0","0","62.76","286.56","567.12","850.68","1049.76","1130.88","945.6","1085.04","990.6","735.36","472.56","232.92","60.12","0.48","0","0","0","0","8470"
"05","14","0","0","0","0","0","0","60.6","160.68","447.36","411.72","905.16","1021.44","1066.92","1142.52","1018.92","851.04","619.8","332.16","89.76","6","0","0","0","0","8134"
"05","15","0","0","0","0","0","0","68.88","297.96","525.72","731.76","907.92","917.88","1128.24","1116.72","1005.84","830.76","575.52","336.96","118.56","12.48","0","0","0","0","8575"
"05","16","0","0","0","0","0","0","61.92","209.88","291","549.48","1035.72","1142.64","1178.52","1155.24","1021.08","879.24","653.64","365.16","105.48","7.2","0","0","0","0","8656"
"05","17","0","0","0","0","0","2.04","107.64","272.76","573","727.92","742.44","713.64","805.68","567","285.84","115.32","49.92","15.96","0","0","0","0","0","0","4979"
"05","18","0","0","0","0","0","0","0","4.68","100.08","414.24","431.88","792.84","383.28","400.44","471.48","218.88","99.36","117.96","79.68","3.84","0","0","0","0","3519"
"05","19","0","0","0","0","0","0","0","46.8","121.2","219.48","296.52","336.48","238.32","170.28","117.84","135.84","165.96","136.32","50.04","0","0","0","0","0","2035"
"05","20","0","0","0","0","0","0","12.84","129.12","279.12","530.76","725.64","488.16","1029.84","1216.44","1236.36","981","754.32","438.6","134.28","10.92","0","0","0","0","7967"
"05","21","0","0","0","0","0","2.4","79.68","343.8","666.24","922.92","1097.52","1233","1286.16","1266.72","1156.08","975.6","722.76","407.28","123.36","10.44","0","0","0","0","10294"
"05","22","0","0","0","0","0","2.16","81.36","333.84","653.16","909","1096.32","1217.88","1248.36","1219.32","1109.88","944.28","706.32","394.8","119.04","9.96","0","0","0","0","10046"
"05","23","0","0","0","0","0","1.2","77.16","285.36","593.4","863.04","1061.04","1166.88","1197.96","1168.2","1068.12","907.08","669.96","373.08","117.12","10.44","0","0","0","0","9560"
"05","24","0","0","0","0","0","0.24","76.32","278.76","549.12","814.2","1002.48","1099.08","1152.72","1128.96","1035.24","874.08","602.04","320.88","122.04","11.16","0","0","0","0","9067"
"05","25","0","0","0","0","0","3.72","78.24","165.72","522.96","697.32","873.72","1113.24","1055.52","1142.88","986.4","599.64","361.44","252.84","112.68","3","0","0","0","0","7969"
"05","26","0","0","0","0","0","5.28","109.2","251.04","502.68","651.12","846.24","846.6","777.36","376.32","358.68","238.44","173.76","68.88","22.92","0","0","0","0","0","5229"
"05","27","0","0","0","0","0","0","0","0","26.64","46.32","42.84","71.16","253.32","317.76","132.72","81.12","23.16","11.52","0.36","0","0","0","0","0","1007"
"05","28","0","0","0","0","0","0.12","72.6","234","625.8","824.4","1025.04","1271.16","1109.16","1072.2","1047","859.68","760.56","347.52","143.76","18.72","0","0","0","0","9412"
"05","29","0","0","0","0","0","4.2","92.76","329.04","625.68","871.92","1038.36","1156.68","1218.84","1190.4","1086.24","914.04","686.04","390.6","133.8","15.12","0","0","0","0","9754"
"05","30","0","0","0","0","0","1.32","132.48","189.72","546.48","676.56","906.72","1092.96","940.8","818.64","451.44","263.76","113.76","37.08","35.04","1.44","0","0","0","0","6208"
"05","31","0","0","0","0","0","0","2.04","36.12","129","254.76","858.36","1136.88","1161.48","1152.96","767.16","829.92","614.64","383.4","150.96","19.56","0","0","0","0","7497"
"06","01","0","0","0","0","0","0.96","85.92","277.92","436.2","617.4","1048.32","1049.52","1155.6","981.24","737.16","609.96","446.28","205.44","122.04","17.16","0","0","0","0","7791"
"06","02","0","0","0","0","0","1.68","78.96","324.48","561.12","819.72","1117.32","1166.64","1170.6","928.44","929.04","750.72","689.64","394.44","134.28","15.48","0","0","0","0","9083"
"06","03","0","0","0","0","0","3.96","94.68","312.12","588.84","823.92","1009.8","1101.12","1127.88","1109.64","1009.68","876.96","649.92","374.16","153.12","22.32","0","0","0","0","9258"
"06","04","0","0","0","0","0","2.28","89.76","293.16","582.84","835.2","993.6","1095.36","1113.84","1033.56","927","819.24","599.4","346.2","134.16","20.64","0","0","0","0","8886"
"06","05","0","0","0","0","0","0","80.76","294.48","557.52","828.72","1010.04","1098","1142.52","1122.96","1034.64","870","640.68","372.72","132.6","14.52","0","0","0","0","9200"
"06","06","0","0","0","0","0","0","95.28","249.96","488.64","607.8","509.16","480.84","342.48","419.52","206.88","138.72","67.8","39","0","0","0","","","","3646"
"06","07","0","0","0","0","0","0","0","0","0","0","167.76","318.36","397.2","832.68","434.52","264.12","82.2","61.68","24.84","9","0","0","0","0","2592"
"06","08","0","0","0","0","0","0","32.52","120.24","160.44","740.88","771.84","954.72","478.68","675.24","799.8","458.04","417.6","291.24","41.16","1.32","0","0","0","0","5944"
"06","09","0","0","0","0","0","1.56","87.24","312.72","548.28","603.72","927","995.4","922.56","812.04","800.4","872.88","520.2","266.64","116.52","20.16","0","0","0","0","7807"
"06","10","0","0","0","0","0","1.2","84.48","228.96","415.56","753.6","580.56","556.92","480.36","568.8","455.76","95.64","115.68","168.72","61.08","0","0","0","0","0","4567"
"06","11","0","0","0","0","0","0","41.04","155.64","274.8","609.36","711.96","628.8","228.48","233.76","633.96","207.96","232.08","418.08","148.44","19.92","0","0","0","0","4544"
"06","12","0","0","0","0","0","0","52.92","196.2","436.08","748.8","940.2","1113.24","1221.72","1045.44","826.44","913.08","602.88","201.12","80.04","15.48","0","0","0","0","8394"
"06","13","0","0","0","0","0","2.28","86.52","305.76","584.64","824.04","1013.4","1015.32","961.2","1048.8","973.32","650.52","332.28","213.24","101.76","12","0","0","0","0","8125"
"06","14","0","0","0","0","0","0","8.04","68.4","120.72","200.76","269.64","488.64","409.68","242.28","150.84","98.04","154.44","142.56","76.56","15.96","0","0","0","0","2447"
"06","15","0","0","0","0","0","0","77.28","295.44","581.28","837.48","714.36","869.4","1102.56","1147.8","695.52","701.52","698.64","278.76","93","23.76","0","0","0","0","8117"
"06","16","0","0","0","0","0","0","42.12","205.92","539.04","847.68","989.52","999.12","792.6","985.44","902.64","800.64","528.12","300.24","164.04","23.16","0","0","0","0","8120"
"06","17","0","0","0","0","0","0","74.16","170.28","496.92","656.64","973.56","1033.2","1058.04","1017.12","900.6","822.84","600.84","325.92","145.32","22.08","0","0","0","0","8298"
"06","18","0","0","0","0","0","0","6.24","63.24","98.16","98.16","133.92","171.48","476.88","869.04","927.36","658.92","423.84","321.84","129","14.04","0","0","0","0","4392"
"06","19","0","0","0","0","0","2.16","45.36","221.16","448.2","653.64","955.44","1116","1115.76","1071.6","858.96","620.76","461.16","321","148.56","21.96","0","0","0","0","8062"
"06","20","0","0","0","0","0","0.12","79.8","291.48","534.84","786.12","979.8","1029.72","1059.12","874.68","794.88","717.24","620.88","406.32","148.44","27","0","0","0","0","8350"
"06","21","0","0","0","0","0","4.56","108.48","305.16","570.84","825.24","998.4","1063.68","1139.4","1153.68","1048.68","930.72","685.32","413.64","129.48","33.96","0","0","0","0","9411"
"06","22","0","0","0","0","0","0","52.44","177.24","302.64","781.44","770.04","840.96","1095.12","1085.04","1017.84","867.72","400.44","281.4","91.2","9.24","0","0","0","0","7773"
"06","23","0","0","0","0","0","0","0","126.96","172.68","584.04","527.88","614.64","594.12","855.84","1062.6","932.4","807.36","396.48","53.04","0.96","0","0","0","0","6729"
"06","24","0","0","0","0","0","0","49.56","192.48","354","791.88","813.48","1094.4","1140.96","928.44","823.08","856.8","677.16","408.12","169.2","22.56","0","0","0","0","8322"
"06","25","0","0","0","0","0","0","73.68","281.4","560.16","806.28","945.48","898.08","1086.36","1075.56","1004.88","654.96","620.88","369.6","146.88","20.76","0","0","0","0","8545"
"06","26","0","0","0","0","0","0","0","0","14.16","105.72","108.36","203.76","203.16","305.4","321.24","228.12","167.28","143.64","43.32","5.04","0","0","0","0","1849"
"06","27","0","0","0","0","0","0","0","47.88","176.16","376.44","452.4","702.84","616.44","725.16","847.08","848.16","724.8","413.64","118.56","18","0","0","0","0","6068"
"06","28","0","0","0","0","0","0","74.16","306.12","298.2","759.96","787.2","759.84","713.64","791.88","1061.88","897.36","622.44","404.16","117.12","31.32","0","0","0","0","7625"
"06","29","0","0","0","0","0","0","0","0","16.32","86.28","77.28","83.88","145.44","54.48","5.16","1.44","0","0","0","0","0","0","0","0","470"
"06","30","0","0","0","0","0","0","5.28","80.28","129.36","339.96","400.08","543.6","532.56","440.28","449.52","471","383.64","263.52","130.56","46.08","0","0","0","0","4216"
"07","01","0","0","0","0","0","0","18.36","63.24","208.56","304.92","247.8","201.72","240.84","215.28","271.44","187.2","189.24","128.16","61.44","27","0","0","0","0","2365"
"07","02","0","0","0","0","0","0","39.72","73.32","379.2","642.6","750.12","718.08","917.76","892.2","847.2","864.36","656.88","385.68","165.96","35.28","0","0","0","0","7368"
"07","03","0","0","0","0","0","0","31.56","166.32","175.2","570.24","658.68","671.88","1005.6","657.12","371.28","672.24","616.2","338.04","166.92","28.44","0","0","0","0","6130"
"07","04","0","0","0","0","0","0","67.44","277.08","572.16","797.04","1015.8","1119.84","1025.64","1134.96","1021.2","838.92","657.96","332.16","142.44","19.44","0","0","0","0","9022"
"07","05","0","0","0","0","0","0","72.6","197.76","355.44","438.48","826.8","883.92","1145.28","1129.92","926.64","891.6","664.56","395.52","152.4","22.68","0","0","0","0","8104"
"07","06","0","0","0","0","0","0","70.44","275.64","564.12","802.8","978.6","1089.84","1148.16","1141.92","1059.6","931.08","715.2","413.04","140.04","18.6","0","0","0","0","9349"
"07","07","0","0","0","0","0","0","35.4","247.68","516.96","794.28","949.2","1066.2","760.92","773.76","693.24","222.96","37.68","135.48","95.28","4.44","0","0","0","0","6333"
"07","08","0","0","0","0","0","0","54.12","148.56","218.88","605.64","924.96","1137.6","1153.44","827.64","819.6","297.96","80.88","134.64","16.56","8.04","0","0","0","0","6429"
"07","09","0","0","0","0","0","0","17.88","154.08","469.44","550.8","781.92","493.8","257.88","180.36","315.24","432.6","278.4","244.68","123.48","16.56","0","0","0","0","4317"
"07","10","0","0","0","0","0","0","0","36.48","104.28","122.88","123.6","87.96","223.68","247.08","118.8","92.52","90.96","78.24","34.08","1.68","0","0","0","0","1362"
"07","11","0","0","0","0","0","0","17.04","108.84","255.84","576","376.08","355.08","416.52","439.2","637.32","528.12","278.88","129.24","70.92","11.04","0","0","0","0","4200"
"07","12","0","0","0","0","0","0","72.96","234.6","472.32","669.24","688.44","756.36","1057.32","972.72","985.68","652.2","426.6","265.44","81.72","8.28","0","0","0","0","7344"
"07","13","0","0","0","0","0","0","0","82.08","144","333.6","389.52","564","727.92","795","680.76","770.88","559.32","234","173.04","24.96","0","0","0","0","5479"
"07","14","0","0","0","0","0","0","50.88","211.44","420.6","712.92","847.56","794.16","774.96","739.56","986.4","862.2","639.24","380.04","149.04","23.16","0","0","0","0","7592"
"07","15","0","0","0","0","0","0","50.52","189.36","372.36","629.16","775.68","891.24","849.84","1014.96","918.96","574.56","313.8","307.08","129.6","20.64","0","0","0","0","7038"
"07","16","0","0","0","0","0","0","58.44","229.44","456.96","685.2","883.32","972.72","880.32","858.36","1011","841.32","561.6","293.04","129.6","7.08","0","0","0","0","7868"
"07","17","0","0","0","0","0","0","61.68","217.92","409.56","563.64","870.12","1004.28","1022.76","1016.4","847.68","587.52","272.04","80.04","35.76","1.68","0","0","0","0","6991"
"07","18","0","0","0","0","0","0","0","1.56","73.08","195.96","273.96","505.44","458.04","263.4","263.04","146.64","63.36","68.88","45.72","8.64","0","0","0","0","2368"
"07","19","0","0","0","0","0","0","0","36","15.48","0","49.56","143.28","160.08","95.52","142.92","101.4","48.12","39.36","32.04","2.16","0","0","0","0","866"
"07","20","0","0","0","0","0","0","0","0","51.36","89.76","138","201.96","424.44","205.08","135.24","144.24","56.28","30.24","17.28","0","0","0","0","0","1494"
"07","21","0","0","0","0","0","0","0","22.08","161.52","291.36","830.16","568.08","560.4","333.36","430.68","464.16","538.32","256.92","135.36","15.6","0","0","0","0","4608"
"07","22","0","0","0","0","0","0","0","90.72","196.2","310.92","279.24","202.92","212.64","318","657.36","357.12","228.48","221.16","80.64","18.96","0","0","0","0","3174"
"07","23","0","0","0","0","0","0","0","55.68","125.64","359.76","672.6","606.6","814.8","890.76","907.44","792.6","626.64","433.08","138.84","17.88","0","0","0","0","6442"
"07","24","0","0","0","0","0","0","0","78.72","148.08","179.76","251.16","438.36","810.84","761.4","503.04","329.64","188.52","68.16","11.04","0","0","0","0","0","3769"
"07","25","0","0","0","0","0","0","0","0.72","113.4","623.28","720.48","527.64","1005.96","896.88","961.56","832.8","610.32","328.2","4.2","0","0","0","0","0","6625"
"07","26","0","0","0","0","0","0","0","17.16","166.8","348.12","570","312.84","519.72","416.64","385.56","468.72","371.76","90","1.2","0","0","0","0","0","3669"
"07","27","0","0","0","0","0","0","0","31.08","52.32","37.32","149.28","119.16","36.36","112.2","121.08","73.44","34.2","9.6","7.2","0","0","0","0","0","783"
"07","28","0","0","0","0","0","0","0","38.16","167.76","357.96","495","518.16","586.44","439.2","482.88","681.12","642.24","362.52","113.16","15.48","0","0","0","0","4900"
"07","29","0","0","0","0","0","0","30.12","243","352.8","556.2","756.12","1105.08","1170.36","1085.52","1063.56","936.96","704.4","421.32","151.2","28.68","0","0","0","0","8605"
"07","30","0","0","0","0","0","0","8.4","207.48","519.84","785.4","801.72","983.52","1185.84","1163.52","1109.16","952.92","663.36","226.8","89.76","9.72","0","0","0","0","8707"
"07","31","0","0","0","0","0","0","28.2","220.32","361.2","501.6","958.8","1114.56","1115.16","1136.28","1038.72","917.64","697.32","405.12","123.12","3.24","0","0","0","0","8621"
"08","01","0","0","0","0","0","0","8.52","222.36","471.48","706.32","994.08","1096.2","1136.52","1028.28","1001.4","889.32","650.88","363.96","121.44","4.92","0","0","0","0","8696"
"08","02","0","0","0","0","0","0","21.24","234.84","534.6","774","965.16","1101.84","1070.76","1000.44","950.04","679.8","487.2","339.12","136.56","13.44","0","0","0","0","8309"
"08","03","0","0","0","0","0","0","14.16","266.88","518.64","750.48","834.72","1016.16","1066.08","1010.04","849.48","652.08","609.84","341.64","115.08","11.4","0","0","0","0","8057"
"08","04","0","0","0","0","0","0","7.92","215.16","431.88","740.52","911.76","855.12","592.2","830.52","983.64","648.72","660.12","227.88","116.88","0","0","0","0","0","7222"
"08","05","0","0","0","0","0","0","27.6","214.68","460.2","760.68","927.12","1042.56","1031.52","936.48","783.36","597.6","457.44","189.12","72.96","2.52","0","0","0","0","7504"
"08","06","0","0","0","0","0","0","25.44","157.8","448.92","747.48","818.64","914.88","929.28","844.08","846.36","421.56","205.92","288.36","153.72","19.56","0","0","0","0","6822"
"08","07","0","0","0","0","0","0","29.64","188.64","407.04","719.28","940.56","1046.52","1135.8","995.04","841.92","913.8","615","375.48","114","5.64","0","0","0","0","8328"
"08","08","0","0","0","0","0","0","23.64","234.12","229.44","692.16","865.08","942.84","1135.08","1050.12","906.36","743.52","636.24","325.44","88.2","5.88","0","0","0","0","7878"
"08","09","0","0","0","0","0","0","13.68","208.32","414.12","553.56","876.72","881.16","887.04","887.28","786.6","567.24","380.28","301.68","104.04","4.56","0","0","0","0","6866"
"08","10","0","0","0","0","0","0","14.16","195.12","448.2","561.24","901.56","879.6","679.56","567.12","953.76","661.32","516.96","241.68","87.72","6.36","0","0","0","0","6714"
"08","11","0","0","0","0","0","0","0.84","178.56","343.68","498.96","481.44","435.72","291","213.12","186.84","113.16","27.36","0","0","0","0","0","0","0","2771"
"08","12","0","0","0","0","0","0","0","9.36","165.24","459.72","501.36","188.88","538.68","448.68","396.48","345.36","200.64","188.88","52.92","0","0","0","0","0","3496"
"08","13","0","0","0","0","0","0","15.36","220.44","526.2","790.68","992.16","1093.32","1058.4","848.16","801.6","670.32","605.16","232.2","91.44","1.92","0","0","0","0","7947"
"08","14","0","0","0","0","0","0","4.92","162.72","392.04","688.08","772.68","731.16","1019.16","925.32","940.44","904.44","581.52","370.44","106.44","2.76","0","0","0","0","7602"
"08","15","0","0","0","0","0","0","0.84","138.24","446.28","411","955.92","1173.84","1010.52","750.24","391.2","698.88","575.16","242.16","48.6","0","0","0","0","0","6843"
"08","16","0","0","0","0","0","0","0.48","66.24","155.04","403.68","488.16","384.72","547.56","724.92","984.48","739.08","572.28","381.72","107.28","2.88","0","0","0","0","5559"
"08","17","0","0","0","0","0","0","22.68","193.8","328.2","605.64","885.24","995.76","1072.92","961.56","920.64","815.4","541.56","219.48","36.96","0","0","0","0","0","7600"
"08","18","0","0","0","0","0","0","4.68","175.8","518.64","603.84","823.68","1121.16","1193.4","1163.52","992.52","914.64","676.44","371.4","106.08","2.4","0","0","0","0","8668"
"08","19","0","0","0","0","0","0","32.04","264.36","413.88","711.72","1028.52","988.32","1060.68","1140.24","1055.52","817.44","510.84","302.04","86.4","0","0","0","0","0","8412"
"08","20","0","0","0","0","0","0","21.12","197.76","478.56","747.12","873.84","956.28","666.36","812.28","486.6","625.2","584.88","327.84","48.48","0","0","0","0","0","6826"
"08","21","0","0","0","0","0","0","15.72","131.04","372.48","545.76","552.96","747.84","360.48","858.24","678.72","533.76","471.48","167.28","36.96","0","0","0","0","0","5473"
"08","22","0","0","0","0","0","0","0","0","24.36","280.56","803.04","630.48","926.88","1030.32","1063.44","842.88","616.44","280.08","74.76","0.96","0","0","0","0","6574"
"08","23","0","0","0","0","0","0","4.92","134.04","184.92","437.52","425.88","398.16","303.36","587.76","590.64","709.56","500.88","272.88","81.36","0.36","0","0","0","0","4632"
"08","24","0","0","0","0","0","0","20.76","145.92","316.2","398.4","454.08","549.84","771.72","858.12","857.76","729.84","561.96","196.68","41.4","0","0","0","0","0","5903"
"08","25","0","0","0","0","0","0","0","56.4","189.96","266.04","324.12","150.12","458.88","428.88","396.96","432.6","553.8","281.28","72.36","0","0","0","0","0","3611"
"08","26","0","0","0","0","0","0","1.32","194.16","515.76","823.2","681.48","489.6","633","657.96","579","692.76","401.76","152.16","51.24","0","0","0","0","0","5873"
"08","27","0","0","0","0","0","0","0","70.32","258.84","101.76","0","0","265.68","191.04","214.8","264.6","140.4","55.44","3.48","0","0","0","0","0","1566"
"08","28","0","0","0","0","0","0","0","6.72","148.68","244.32","346.2","545.28","294.48","434.16","430.2","147.96","181.32","248.88","87.72","0.12","0","0","0","0","3116"
"08","29","0","0","0","0","0","0","0","28.32","86.52","75.96","130.2","169.56","172.56","267.48","257.16","314.16","236.64","86.52","16.08","0","0","0","0","0","1841"
"08","30","0","0","0","0","0","0","15.6","209.52","480.72","606.84","959.88","1134.12","1231.32","1235.88","1034.4","933.84","657.48","392.04","68.28","0","0","0","0","0","8960"
"08","31","0","0","0","0","0","0","17.52","166.8","335.52","268.2","626.52","701.76","974.88","951.84","943.2","510.48","341.04","196.56","77.04","0","0","0","0","0","6111"
"09","01","0","0","0","0","0","0","10.56","132.36","308.16","207.48","235.2","263.88","149.88","154.92","115.2","151.44","155.76","75.12","5.4","0","0","0","0","0","1965"
"09","02","0","0","0","0","0","0","0","0","32.28","98.52","252","310.44","298.08","531.96","222.36","163.56","87","27.36","2.28","0","0","0","0","0","2026"
"09","03","0","0","0","0","0","0","0","0","0","130.92","226.2","342.12","377.16","355.44","289.44","230.52","279.12","161.28","18.6","0","0","0","0","0","2411"
"09","04","0","0","0","0","0","0","0","49.2","111.12","247.44","632.04","630.24","332.52","95.28","153.84","319.92","253.68","137.04","45.12","0","0","0","0","0","3007"
"09","05","0","0","0","0","0","0","0","70.8","233.88","355.56","584.28","872.16","1010.64","901.44","682.08","56.76","16.56","0.48","0","0","0","0","0","0","4785"
"09","06","0","0","0","0","0","0","1.32","74.16","124.32","208.92","338.52","467.88","271.68","510.12","354.96","137.16","66","45.96","0.6","0","0","0","0","0","2602"
"09","07","0","0","0","0","0","0","0","0","41.28","78","184.32","171","182.52","159","286.44","587.16","486","86.04","0.24","0","0","0","0","0","2262"
"09","08","0","0","0","0","0","0","0","122.64","295.92","234","344.76","360.96","329.52","272.04","262.56","228.24","109.2","70.08","2.88","0","0","0","0","0","2633"
"09","09","0","0","0","0","0","0","0","0","63.24","263.76","242.4","216.24","384.84","516.72","405.24","205.08","200.88","11.28","0","0","0","0","0","0","2510"
"09","10","0","0","0","0","0","0","0.24","131.04","255.24","221.28","442.08","537.24","1066.32","1083.36","972.72","774.36","513.48","201.96","26.88","0","0","0","0","0","6226"
"09","11","0","0","0","0","0","0","0","48.12","283.8","523.2","685.2","560.28","581.16","1088.16","998.04","846","562.2","241.08","31.56","0","0","0","0","0","6449"
"09","12","0","0","0","0","0","0","0.36","10.44","97.8","206.64","209.64","264.72","435.12","381.96","150.6","237.12","98.64","59.28","13.08","0","0","0","0","0","2165"
"09","13","0","0","0","0","0","0","0","58.44","483.24","814.32","1015.08","1135.2","1184.28","761.28","663.6","475.8","164.76","77.52","18.96","0","0","0","0","0","6852"
"09","14","0","0","0","0","0","0","0","105.12","318.36","532.8","537.6","552.96","731.28","753.6","657.72","518.4","378.48","155.28","14.28","0","0","0","0","0","5256"
"09","15","0","0","0","0","0","0","0","59.4","345.24","552.24","309.6","358.56","565.08","422.16","349.68","478.32","211.56","135.12","15","0","0","0","0","0","3802"
"09","16","0","0","0","0","0","0","0","21.12","118.08","469.92","750.36","691.2","1129.44","784.2","655.08","507.6","517.92","199.32","21.84","0","0","0","0","0","5866"
"09","17","0","0","0","0","0","0","4.92","165.84","473.04","820.92","1055.28","1151.52","1178.64","1145.4","1034.4","853.32","570.72","234.96","20.4","0","0","0","0","0","8709"
"09","18","0","0","0","0","0","0","0","111.36","381.48","795.12","828.6","1137.36","1228.44","1224.72","1097.16","894.36","597.12","245.76","22.32","0","0","0","0","0","8564"
"09","19","0","0","0","0","0","0","5.4","178.32","536.76","851.52","1052.88","1174.44","1063.56","858.12","1076.88","873.72","569.28","223.32","18.96","0","0","0","0","0","8483"
"09","20","0","0","0","0","0","0","0","81","386.28","667.8","941.52","738.72","855.48","1027.08","1038.96","807","294.96","104.76","6.96","0","0","0","0","0","6951"
"09","21","0","0","0","0","0","0","0","4.44","53.64","64.32","162.12","93.72","43.44","46.08","79.08","33.84","14.76","2.04","0","0","0","0","0","0","597"
"09","22","0","0","0","0","0","0","0","0","0","15.36","51.96","62.4","127.2","188.04","162.96","126.96","56.64","35.4","14.4","0","0","0","0","0","841"
"09","23","0","0","0","0","0","0","0","132.96","531.72","801.12","1093.32","1146.24","1179.84","1224.6","1130.76","915.96","603.6","235.68","16.2","0","0","0","0","0","9012"
"09","24","0","0","0","0","0","0","0.36","78.84","555.84","874.44","1093.2","1218.36","1275.36","1153.08","723","641.88","471.48","198.6","15.96","0","0","0","0","0","8300"
"09","25","0","0","0","0","0","0","8.04","119.76","333.84","629.04","972.84","1023.48","1014.24","1031.04","740.76","568.44","219.84","113.28","7.68","0","0","0","0","0","6782"
"09","26","0","0","0","0","0","0","1.32","160.56","425.16","685.44","661.44","778.92","738.48","808.08","483.6","568.8","290.64","172.2","9.24","0","0","0","0","0","5784"
"09","27","0","0","0","0","0","0","0.72","97.44","425.28","687.36","591.96","731.52","893.28","937.2","603.12","428.64","217.32","104.52","1.68","0","0","0","0","0","5720"
"09","28","0","0","0","0","0","0","0","44.16","180.84","604.8","785.88","458.28","718.92","1023.96","712.44","654.6","425.04","117.96","3.48","0","0","0","0","0","5730"
"09","29","0","0","0","0","0","0","0","75.36","451.32","814.44","757.08","780.72","1078.56","1084.44","1044.24","841.2","512.76","157.56","6.84","0","0","0","0","0","7605"
"09","30","0","0","0","0","0","0","0","167.88","253.8","545.04","735.6","925.32","1091.4","1074.6","920.76","739.32","404.52","161.88","3.36","0","0","0","0","0","7023"
"10","01","0","0","0","0","0","0","0","0","8.4","0.6","6","13.68","168.84","109.2","98.64","52.56","25.68","8.52","0","0","0","0","0","0","492"
"10","02","0","0","0","0","0","0","0","0","0","4.68","92.28","110.76","109.08","42.6","48.24","84.84","12.84","0","0","0","0","0","0","0","505"
"10","03","0","0","0","0","0","0","0","8.64","355.2","487.08","1059.24","1258.56","470.76","707.88","951.24","681.24","342.48","146.64","0.6","0","0","0","0","0","6470"
"10","04","0","0","0","0","0","0","0","57.84","273.6","456.24","487.68","1038.12","1137","1106.76","988.2","755.16","445.32","152.4","3.84","0","0","0","0","0","6902"
"10","05","0","0","0","0","0","0","0","0.84","38.04","59.4","108.12","184.8","226.08","263.52","391.92","283.32","216.48","84.6","0","0","0","0","0","0","1857"
"10","06","0","0","0","0","0","0","0","96.72","308.88","638.76","951.6","1156.08","979.32","444.72","360.12","465.96","176.88","49.56","10.92","0","0","0","0","0","5640"
"10","07","0","0","0","0","0","0","0","5.28","74.76","116.52","80.28","115.44","45.6","31.8","67.32","162.84","77.28","27.84","0","0","0","0","0","0","805"
"10","08","0","0","0","0","0","0","0","59.76","194.64","759.24","935.64","875.04","853.8","1102.56","863.04","644.88","482.64","160.44","1.2","0","0","0","0","0","6933"
"10","09","0","0","0","0","0","0","1.32","200.88","596.04","932.88","1152.84","1273.32","1291.44","1240.08","914.76","859.8","546.12","170.16","0.84","0","0","0","0","0","9180"
"10","10","0","0","0","0","0","0","1.56","97.92","391.2","748.44","1087.2","1198.2","1188.24","1147.08","1006.68","808.32","489.24","125.04","0","0","0","0","0","0","8289"
"10","11","0","0","0","0","0","0","0","172.8","270","859.56","1056.84","1166.88","1203.72","1132.32","958.08","729.24","413.76","75.72","0","0","0","0","0","0","8039"
"10","12","0","0","0","0","0","0","0","138.36","520.44","856.2","1072.08","1182.72","1202.64","1141.92","1001.88","779.88","456","112.68","0","0","0","0","0","0","8465"
"10","13","0","0","0","0","0","0","0","160.08","513.36","838.2","1079.4","1205.88","1216.56","1167","1029.36","812.4","477.96","120.6","0","0","0","0","0","0","8621"
"10","14","0","0","0","0","0","0","0","143.04","521.52","802.56","1036.8","854.64","1146.84","1120.56","589.2","474.24","450.48","111.36","0","0","0","0","0","0","7251"
"10","15","0","0","0","0","0","0","0","61.32","165.96","308.52","791.16","293.16","593.76","414.6","550.8","635.04","322.56","83.28","0","0","0","0","0","0","4220"
"10","16","0","0","0","0","0","0","0","120.84","417.6","828.24","1035.24","1145.64","1253.28","1155.36","663.72","609.48","339.6","71.04","0","0","0","0","0","0","7640"
"10","17","0","0","0","0","0","0","0","21.96","170.64","310.44","308.52","450.96","236.4","423.12","354","449.16","177.84","55.2","0","0","0","0","0","0","2958"
"10","18","0","0","0","0","0","0","0","36.36","186.24","386.52","529.8","440.4","295.92","432.12","229.56","109.8","72.12","12.96","0","0","0","0","0","0","2732"
"10","19","0","0","0","0","0","0","0","121.8","501.6","813.72","1013.4","1103.4","1030.08","1190.4","1059","825.12","459.12","87.24","0","0","0","0","0","0","8205"
"10","20","0","0","0","0","0","0","0","37.2","158.4","402.12","874.68","1151.04","1191.36","1147.56","906","431.64","339.72","63.84","0","0","0","0","0","0","6704"
"10","21","0","0","0","0","0","0","0","99.84","495.6","842.76","1067.52","1192.32","1220.4","1138.44","977.76","712.56","335.64","43.2","0","0","0","0","0","0","8126"
"10","22","0","0","0","0","0","0","0","113.04","509.52","849","1059.36","1159.56","1187.64","1118.88","922.8","700.92","213","39","0","0","0","0","0","0","7873"
"10","23","0","0","0","0","0","0","0","33.96","123.6","174.48","245.28","338.16","483.12","289.8","266.64","199.68","61.56","16.2","0","0","0","0","0","0","2232"
"10","24","0","0","0","0","0","0","0","23.16","90.48","174.84","332.88","474.36","1003.92","1115.52","979.56","712.44","365.28","55.2","0","0","0","0","0","0","5328"
"10","25","0","0","0","0","0","0","0","81","492.84","814.2","971.76","1046.28","825.12","628.32","887.04","539.16","242.88","23.88","0","0","0","0","0","0","6552"
"10","26","0","0","0","0","0","0","0","55.32","392.76","404.16","492.48","427.32","364.08","555.96","377.64","340.8","111.72","26.28","0","0","0","0","0","0","3549"
"10","27","0","0","0","0","0","0","0","103.32","401.52","782.76","1036.92","849.36","831.96","896.16","899.64","532.8","185.76","25.68","0","0","0","0","0","0","6546"
"10","28","0","0","0","0","0","0","0","35.04","293.16","657.48","920.52","1151.88","1191.6","1116.36","983.52","666.6","291.72","17.28","0","0","0","0","0","0","7325"
"10","29","0","0","0","0","0","0","0","39","262.8","557.04","842.88","980.04","1038.36","1067.04","1000.32","777.36","379.32","26.28","0","0","0","0","0","0","6970"
"10","30","0","0","0","0","0","0","0","95.64","526.32","855.48","1079.16","1214.88","1148.88","917.04","888.84","805.2","431.64","46.08","0","0","0","0","0","0","8009"
"10","31","0","0","0","0","0","0","0","81.36","487.56","824.28","1033.68","1151.52","1199.16","1133.04","986.28","705.72","314.88","33.12","0","0","0","0","0","0","7951"
"11","01","0","0","0","0","0","0","0","21.24","103.08","406.44","504.12","994.8","961.44","1001.76","855.72","606.84","237.24","23.52","0","0","0","0","0","0","5716"
"11","02","0","0","0","0","0","0","0","66","311.4","658.92","798.84","801.24","572.04","865.92","830.04","512.88","185.4","26.4","0","0","0","0","0","0","5629"
"11","03","0","0","0","0","0","0","0","8.04","99.36","249.36","702.6","1015.08","961.44","1068.96","834.24","701.4","193.92","12.6","0","0","0","0","0","0","5847"
"11","04","0","0","0","0","0","0","0","39.72","285","570.12","920.16","680.64","768","995.28","293.88","171.36","289.92","26.28","0","0","0","0","0","0","5040"
"11","05","0","0","0","0","0","0","0","13.56","97.56","229.2","729.48","1120.92","1166.04","1026.72","978.6","720.12","302.28","15.72","0","0","0","0","0","0","6400"
"11","06","0","0","0","0","0","0","0","14.4","153.12","730.2","1024.2","1159.32","1214.4","1114.8","962.28","615.96","134.64","12.72","0","0","0","0","0","0","7136"
"11","07","0","0","0","0","0","0","0","19.44","199.44","345.24","589.56","751.68","880.8","864.12","690.96","425.88","184.32","12.6","0","0","0","0","0","0","4964"
"11","08","0","0","0","0","0","0","0","38.76","456.96","846.96","1083.24","1228.56","1260.6","1209.48","1053.12","775.2","330.72","13.92","0","0","0","0","0","0","8298"
"11","09","0","0","0","0","0","0","0","32.04","416.64","822.6","1059.72","1176.84","1184.52","1131.12","975.72","713.64","266.04","14.52","0","0","0","0","0","0","7793"
"11","10","0","0","0","0","0","0","0","8.76","130.32","222.48","358.44","312","509.28","195.72","360.96","254.04","55.44","8.64","0","0","0","0","0","0","2416"
"11","11","0","0","0","0","0","0","0","24.24","355.8","678.96","734.52","778.68","537.12","580.68","248.88","640.56","199.44","8.64","0","0","0","0","0","0","4788"
"11","12","0","0","0","0","0","0","0","22.56","382.68","702.72","842.28","795.36","1050.6","1005.36","414.36","361.92","72.36","5.16","0","0","0","0","0","0","5655"
"11","13","0","0","0","0","0","0","0","7.32","58.92","192.72","265.56","191.16","154.8","172.8","173.28","102.96","6.84","0","0","0","0","0","0","0","1326"
"11","14","0","0","0","0","0","0","0","19.44","297.72","843.36","856.8","1147.08","1266.36","1230.24","1085.4","773.88","247.8","9.96","0","0","0","0","0","0","7778"
"11","15","0","0","0","0","0","0","0","21.12","276.72","727.68","998.4","1154.4","1189.56","888","845.28","569.04","193.32","11.64","0","0","0","0","0","0","6875"
"11","16","0","0","0","0","0","0","0","22.32","329.52","642.12","373.08","858.24","876.48","515.4","264.36","327.96","156.72","9.84","0","0","0","0","0","0","4376"
"11","17","0","0","0","0","0","0","0","0","32.76","75.36","162.12","252.6","402.6","326.04","203.28","78.72","32.76","0","0","0","0","0","0","0","1566"
"11","18","0","0","0","0","0","0","0","3.84","28.08","9.12","45.48","376.32","495.6","389.16","211.44","209.16","90.12","2.88","0","0","0","0","0","0","1861"
"11","19","0","0","0","0","0","0","0","3.6","87.48","325.08","420.72","716.16","812.04","608.4","335.88","271.92","72.48","4.68","0","0","0","0","0","0","3658"
"11","20","0","0","0","0","0","0","0","9.72","265.92","794.64","1086.48","1223.04","1275.72","1209.48","1054.8","699.6","173.76","7.56","0","0","0","0","0","0","7801"
"11","21","0","0","0","0","0","0","0","10.92","240.72","764.04","994.44","909","905.04","762.96","509.76","163.2","74.52","4.68","0","0","0","0","0","0","5339"
"11","22","0","0","0","0","0","0","0","9.96","209.88","666.6","960.84","1030.44","975.48","1067.04","890.28","554.28","151.32","7.2","0","0","0","0","0","0","6523"
"11","23","0","0","0","0","0","0","0","10.44","198.96","675.84","999.6","1104.48","1103.4","1102.68","981.72","525.72","173.16","0.6","0","0","0","0","0","0","6877"
"11","24","0","0","0","0","0","0","0","0","84.12","140.52","419.16","886.56","873.96","501.48","708.36","400.56","97.68","1.44","0","0","0","0","0","0","4114"
"11","25","0","0","0","0","0","0","0","3.6","78.24","152.4","172.92","191.4","183.12","150.6","186.48","136.68","63.96","4.2","0","0","0","0","0","0","1324"
"11","26","0","0","0","0","0","0","0","3.6","49.44","150.12","225.6","236.4","169.68","276.96","184.8","79.8","25.56","0","0","0","0","0","0","0","1402"
"11","27","0","0","0","0","0","0","0","0","12.12","86.4","143.28","206.28","273.6","325.08","263.64","280.8","71.52","0.84","0","0","0","0","0","0","1664"
"11","28","0","0","0","0","0","0","0","9.36","165.24","496.68","667.8","1133.28","1173.6","1119.48","961.56","556.32","114.96","7.08","0","0","0","0","0","0","6405"
"11","29","0","0","0","0","0","0","0","6.24","144.72","726","1097.28","1239.96","1270.32","1242.6","1087.32","657.12","110.64","5.16","0","0","0","0","0","0","7587"
"11","30","0","0","0","0","0","0","0","5.28","127.8","626.4","1017.72","1137.24","1155.12","1099.08","942.48","377.04","24.6","0.12","0","0","0","0","0","0","6513"
"12","01","0","0","0","0","0","0","0","0","13.8","20.16","33.6","34.32","39.24","22.32","10.68","13.92","0","0","0","0","0","0","0","0","188"
"12","02","0","0","0","0","0","0","0","3.24","46.8","199.32","367.56","698.76","612.12","330.96","517.32","240.72","20.28","4.08","0","0","0","0","0","0","3041"
"12","03","0","0","0","0","0","0","0","0","28.2","446.88","557.16","446.64","793.32","801","137.04","126.6","67.44","5.52","0","0","0","0","0","0","3410"
"12","04","0","0","0","0","0","0","0","0","37.2","375.24","783.48","970.2","674.52","1053.72","894.72","526.68","105.24","5.64","0","0","0","0","0","0","5427"
"12","05","0","0","0","0","0","0","0","4.2","93.72","469.44","1031.88","1222.44","1291.32","1228.32","1056.36","427.32","42.48","0","0","0","0","0","0","0","6867"
"12","06","0","0","0","0","0","0","0","3","57.72","348.84","967.92","958.8","992.52","1170.24","1109.64","525.24","86.52","6.6","0","0","0","0","0","0","6227"
"12","07","0","0","0","0","0","0","0","3.48","68.52","572.52","1039.08","1194.84","1189.8","1130.28","976.32","452.4","92.4","5.64","0","0","0","0","0","0","6725"
"12","08","0","0","0","0","0","0","0","3.36","105.6","530.04","966.96","1075.8","1195.2","1174.56","990.84","482.16","86.04","6.72","0","0","0","0","0","0","6617"
"12","09","0","0","0","0","0","0","0","2.88","76.32","142.44","440.04","920.16","1040.4","973.8","813.6","387.36","91.92","6.12","0","0","0","0","0","0","4895"
"12","10","0","0","0","0","0","0","0","0","78.6","314.76","641.16","881.52","921.48","823.08","744.24","391.68","88.56","11.04","0","0","0","0","0","0","4896"
"12","11","0","0","0","0","0","0","0","0","75.6","259.08","613.92","647.64","681.36","229.92","60.6","120.72","88.92","7.44","0","0","0","0","0","0","2785"
"12","12","0","0","0","0","0","0","0","1.92","91.56","490.56","925.44","1169.4","1029.84","1203.24","1035.72","572.28","87.96","4.08","0","0","0","0","0","0","6612"
"12","13","0","0","0","0","0","0","0","6","108.84","435.84","908.4","907.92","433.8","482.88","729","406.32","99.24","8.88","0","0","0","0","0","0","4527"
"12","14","0","0","0","0","0","0","0","0","75.6","567.6","970.56","1207.2","1229.52","1149.96","871.32","388.8","101.64","6","0","0","0","0","0","0","6568"
"12","15","0","0","0","0","0","0","0","1.2","60.48","448.44","887.4","1110.12","1088.76","1105.08","536.04","327.72","89.76","1.08","0","0","0","0","0","0","5656"
"12","16","0","0","0","0","0","0","0","0","25.8","179.4","644.16","613.56","786","366.12","199.68","284.16","99.12","10.32","0","0","0","0","0","0","3208"
"12","17","0","0","0","0","0","0","0","0","0","38.16","39.36","73.32","43.56","23.4","39.36","80.52","19.2","0","0","0","0","0","0","0","357"
"12","18","0","0","0","0","0","0","0","0","21.72","89.76","541.56","866.52","1245.84","1208.76","855.36","198.72","77.28","4.92","0","0","0","0","0","0","5110"
"12","19","0","0","0","0","0","0","0","0.12","62.88","466.56","914.28","1198.8","1237.32","1138.08","666.96","301.08","99.72","5.52","0","0","0","0","0","0","6091"
"12","20","0","0","0","0","0","0","0","0.72","70.8","378.72","715.44","743.4","478.32","358.44","265.68","155.4","71.52","2.88","0","0","0","0","0","0","3241"
"12","21","0","0","0","0","0","0","0","0","47.88","133.32","162.6","202.44","161.28","114","115.08","131.52","76.68","5.16","0","0","0","0","0","0","1150"
"12","22","0","0","0","0","0","0","0","0","21.96","123.24","270.12","263.76","569.76","789.36","340.56","187.44","116.76","8.64","0","0","0","0","0","0","2692"
"12","23","0","0","0","0","0","0","0","0","28.8","192.24","423.84","419.28","313.32","771","587.16","459.96","104.76","6.96","0","0","0","0","0","0","3307"
"12","24","0","0","0","0","0","0","0","0","57.48","240.96","612.12","1010.52","1210.44","1183.32","1028.76","533.52","108.36","9.6","0","0","0","0","0","0","5995"
"12","25","0","0","0","0","0","0","0","1.56","78","432.6","857.64","1157.76","1191","1055.4","435.6","486.84","82.8","0.24","0","0","0","0","0","0","5779"
"12","26","0","0","0","0","0","0","0","0","3.72","46.92","56.16","127.44","152.28","131.76","91.68","85.8","1.56","0","0","0","0","0","0","0","697"
"12","27","0","0","0","0","0","0","0","0","17.64","207.84","439.2","272.16","502.2","654.12","408.72","152.04","74.76","4.68","0","0","0","0","0","0","2733"
"12","28","0","0","0","0","0","0","0","0","60.84","407.16","830.88","1095.12","1165.44","1142.76","999.48","529.92","113.28","10.68","0","0","0","0","0","0","6356"
"12","29","0","0","0","0","0","0","0","0","16.68","57.96","70.08","106.08","118.68","114.24","86.16","22.68","1.2","0","0","0","0","0","0","0","594"
"12","30","0","0","0","0","0","0","0","0","5.76","41.4","138.96","201","361.2","554.88","322.08","96.6","1.92","0","0","0","0","0","0","0","1724"
"12","31","0","0","0","0","0","0","0","0","39.48","483.72","382.2","819.72","1246.92","1245.84","978.72","580.2","156.48","7.44","0","0","0","0","0","0","5941"
