지점,일시,평균기온(°C),최저기온(°C),최저기온 시각(hhmi),최고기온(°C),최고기온 시각(hhmi),강수 계속시간(hr),10분 최다 강수량(mm),10분 최다강수량 시각(hhmi),1시간 최다강수량(mm),1시간 최다 강수량 시각(hhmi),일강수량(mm),최대 순간 풍속(m/s),최대 순간 풍속 풍향(16방위),최대 순간풍속 시각(hhmi),최대 풍속(m/s),최대 풍속 풍향(16방위),최대 풍속 시각(hhmi),평균 풍속(m/s),풍정합(100m),평균 이슬점온도(°C),최소 상대습도(%),최소 상대습도 시각(hhmi),평균 상대습도(%),평균 증기압(hPa),평균 현지기압(hPa),최고 해면기압(hPa),최고 해면기압 시각(hhmi),최저 해면기압(hPa),최저 해면기압 시각(hhmi),평균 해면기압(hPa),가조시간(hr),합계 일조시간(hr),1시간 최다일사 시각(hhmi),1시간 최다일사량(MJ/m2),합계 일사량(MJ/m2),일 최심신적설(cm),일 최심신적설 시각(hhmi),일 최심적설(cm),일 최심적설 시각(hhmi),합계 3시간 신적설(cm),평균 전운량(1/10),평균 중하층운량(1/10),평균 지면온도(°C),최저 초상온도(°C),평균 5cm 지중온도(°C),평균 10cm 지중온도(°C),평균 20cm 지중온도(°C),평균 30cm 지중온도(°C),0.5m 지중온도(°C),1.0m 지중온도(°C),1.5m 지중온도(°C),3.0m 지중온도(°C),5.0m 지중온도(°C),합계 대형증발량(mm),합계 소형증발량(mm),9-9강수(mm),안개 계속시간(hr)
108,2020-01-01,-2.2,-6.5,1,.3,1457,9.83,,,,,.1,4.8,50,906,2.6,50,904,.6,509,-8.1,37,2,64.4,3.4,1021.1,1034,952,1031.2,1418,1032.1,9.6,.8,1100,1,4.53,0,,0,,0,8.9,8.9,-.9,-6.6,-.4,.5,1.9,2.9,4.1,7.2,9.8,15.3,17,.4,.6,.1,
108,2020-01-02,1,-.7,1,3.8,1500,,,,,,,6.7,250,1437,4,290,1525,1.2,996,-4.8,54,1212,65.4,4.3,1018.7,1031.3,1,1028.2,1355,1029.6,9.6,0,1200,.67,3.47,,,,,,7.9,7.9,.1,-7,0,.7,1.7,2.6,3.7,7,9.7,15.2,17,.7,1,,
108,2020-01-03,-.1,-3.4,807,4.6,1547,,,,,,,5.8,270,1122,3.5,270,1422,1.7,1508,-8.4,26,1430,56.9,3.3,1016.4,1029,954,1025.8,1438,1027.3,9.7,8.8,1300,1.7,10.1,,,,,,0,0,-.4,-9,.3,1,1.8,2.7,3.6,6.8,9.6,15.1,16.9,1.4,1.9,,
108,2020-01-04,1.2,-2.8,512,6.1,1450,,,,,,,8.5,340,1206,4.5,320,1228,1.9,1623,-8.2,32,1457,50.8,3.3,1015.4,1028.4,2339,1024.4,1410,1026.2,9.7,7.9,1200,1.68,9.29,,,,,,2.1,2.1,0,-8.8,.4,1.1,1.9,2.7,3.6,6.7,9.5,15.1,16.9,1.5,2.1,,
108,2020-01-05,1.3,-3.2,821,6.6,1453,,,,,,,4.4,180,1312,2.9,70,2335,1.1,985,-9.5,28,1518,45.6,3,1019.7,1032.6,958,1028.1,10,1030.6,9.7,7.1,1100,1.66,9.1,,,,,,3.9,0,-.5,-9.9,.2,1,1.8,2.6,3.5,6.5,9.3,15,16.9,1.5,2.1,,
108,2020-01-06,3.1,.6,53,4.6,1158,14.33,,,,,1.8,8.8,70,1505,5.4,70,1739,3.1,2705,-3.5,39,430,65.4,5,1015.3,1030.3,32,1020.5,2400,1026,9.7,0,1100,.64,2.03,,,,,,9.8,7.5,1,-3.4,1,1.3,1.9,2.6,3.4,6.4,9.2,14.9,16.8,.7,1,17.8,
108,2020-01-07,6.3,4.2,1,7.7,2350,24,,,,,46.3,9.5,90,2015,6.3,70,1846,4,3413,5.5,93,1031,95,9.1,999.3,1020.5,1,997.8,2347,1009.7,9.7,0,1100,.17,.75,,,,,,10,7.6,5.1,3.6,4.5,3.8,3.3,3.6,3.7,6.4,9.2,15,16.9,.3,.5,41.9,
108,2020-01-08,2.4,-.4,2336,8.9,47,9.5,,,,,11.6,11.8,250,49,6.3,270,550,3.3,2875,.3,73,2352,86.1,6.3,1003.6,1023.3,2350,997.4,24,1014.3,9.7,0,1400,.31,1.84,,,,,,9.6,8.5,4,-.6,4.5,4.6,4.5,4.7,4.4,6,9,14.8,16.7,.5,.8,0,
108,2020-01-09,-1.2,-3.1,2349,2,1534,,,,,,,7.2,270,1049,4.3,320,1223,2.3,1971,-6.9,47,1419,65.3,3.7,1013.4,1025.9,2231,1022.8,1417,1024.3,9.7,8.7,1200,1.75,9.14,,,,,,1.6,1.6,1.3,-7.7,2.2,2.9,3.6,4.3,4.5,5.9,8.1,14.6,16.7,1.1,1.5,,
108,2020-01-10,-.6,-4.3,453,4.2,1534,,,,,,,5.5,320,1810,3.7,320,1408,1.5,1300,-7.1,36,1644,62.9,3.6,1013,1026.2,922,1022.1,1615,1023.9,9.8,7.5,1300,1.66,9.39,,,,,,3.1,0,.2,-7.8,.9,1.8,2.8,3.6,4.2,6.1,8.1,14.3,16.7,1.1,1.6,,
108,2020-01-11,-.1,-2.6,806,3.9,1334,,,,,,,7,320,1949,4.8,340,1956,1.9,1619,-7,35,1431,60.9,3.6,1009.4,1022.6,1000,1018.5,1659,1020.3,9.8,8.1,1200,1.84,10.13,,,,,,3.6,1,.1,-7.5,.9,1.6,2.4,3.2,3.8,6.1,8.2,14.2,16.6,1.4,2,,
108,2020-01-12,-1,-3.5,633,2.8,1551,,,,,,,6.8,290,1714,4.1,290,1216,2.4,2031,-7.7,38,1508,61.5,3.5,1007.5,1020.6,2309,1016.8,1350,1018.4,9.8,8.6,1200,1.83,10.33,,,,,,3.6,2.1,.4,-6.3,1.1,1.6,2.3,3,3.6,6,8.2,14.2,16.6,1.3,1.8,,
108,2020-01-13,-2.9,-4.7,632,.2,1422,,,,,,,8.3,270,1404,4.9,320,1218,2.3,1992,-12.2,28,1607,51,2.5,1012.4,1026,2233,1020,103,1023.4,9.8,8.1,1200,1.92,11.15,,,,,,1.4,.6,-1.3,-10.5,.1,1.1,2,2.9,3.5,5.9,8.2,14.1,16.6,1.4,2,,
108,2020-01-14,-2.3,-5.7,637,2.6,1413,,,,,,,5.5,320,1516,3.3,320,1428,1.6,1387,-13,20,1620,45.3,2.3,1015,1028.1,2400,1024.2,1418,1026,9.8,8.5,1200,1.78,10.06,,,,,,1,1,-1.6,-10.4,-.4,.5,1.6,2.5,3.2,5.8,8.2,14.1,16.5,1.4,2,,
108,2020-01-15,-2.7,-6.4,722,2.2,1510,,,,,,,8,290,1411,4.5,320,1418,1.9,1673,-13.4,24,1322,44.8,2.2,1017.6,1030,1045,1027.4,1453,1028.7,9.9,9.2,1200,1.94,11.6,,,,,,.1,0,-2,-10.7,-.8,.2,1.2,2.1,3,5.7,8.2,14,16.5,1.5,2.2,,
108,2020-01-16,-1.7,-5.5,816,3.2,1430,,,,,,,6.9,320,1709,4.4,340,1714,1.6,1417,-13,24,1427,43,2.3,1016.3,1029.3,947,1025.3,1453,1027.3,9.9,8.3,1200,1.89,10.75,,,,,,5,0,-1.6,-10.9,-.7,.1,1,1.9,2.9,5.7,8.2,13.9,16.4,1.5,2.1,,
108,2020-01-17,-.6,-4.8,720,4.9,1449,,,,,,,6.7,320,1952,3.8,320,1927,1.5,1311,-11.7,27,1437,43.9,2.5,1012.6,1025.7,241,1021.6,1728,1023.5,9.9,7.6,1200,1.73,9.85,,,,,,4.8,0,-.8,-9,-.5,.1,1,1.8,2.7,5.5,8.1,13.8,16.4,1.5,2.1,,
108,2020-01-18,.3,-4.1,802,5.9,1503,,,,,,,6.8,290,1636,4.2,270,1739,1.8,1569,-10,17,1622,48.1,2.9,1010.9,1023.1,1019,1020.2,1447,1021.7,9.9,9.1,1200,1.9,11.38,,,,,,2.1,0,-.6,-9.1,-.3,.1,1,1.8,2.7,5.5,8,13.8,16.4,1.7,2.4,,
108,2020-01-19,1.9,-.4,3,5.3,1510,1.58,,,,,.6,10.9,290,1243,6.1,320,1459,2.2,1862,-4.5,42,1551,62.8,4.4,1008,1020.9,1,1016.6,1450,1018.7,9.9,4.8,1300,1.37,6.08,.3,955,.3,955,.3,4.8,3.3,.5,-5.6,0,.2,1,1.8,2.6,5.4,7.9,13.8,16.3,1.1,1.5,.6,
108,2020-01-20,.7,-3.3,2324,5.5,1313,,,,,,,10.4,290,1759,5.7,270,1636,2.5,2202,-9.7,24,1216,46.8,3,1012.2,1028.5,2358,1020.3,416,1023,10,8.7,1200,1.92,10.24,,,,,,2.3,2.3,-.1,-8.2,.3,.5,1.2,1.9,2.5,5.3,7.8,13.6,16.2,1.7,2.4,,
108,2020-01-21,-.4,-5.6,800,5.5,1541,,,,,,,5.6,70,1038,3.5,320,142,1.4,1209,-13.9,19,1418,36.9,2.1,1018.8,1032.4,925,1028.1,1517,1029.8,10,9.2,1300,1.92,11.55,,,,,,2.9,1.3,-.8,-12.2,-.2,.4,1.2,1.9,2.5,5.2,7.8,13.6,16.2,1.8,2.6,,
108,2020-01-22,3,-.1,47,7.8,1447,,,,,,,6.3,70,1524,3.2,90,1602,1.7,1479,-10.9,22,1422,36,2.7,1014.6,1028.9,7,1022.9,2321,1025.4,10,3.7,1400,1.54,6.8,,,,,,7.8,5.3,1.3,-3,.6,.6,1.2,1.9,2.5,5.1,7.7,13.5,16.2,1.5,2.2,,
108,2020-01-23,4.6,0,802,9.9,1450,,,,,,,6.9,320,1313,4.7,320,1938,2,1701,-5.4,32,1408,49.3,4.1,1013.5,1027.2,2341,1022,1436,1024.2,10,8.8,1200,1.83,10.73,,,,,,3.4,.5,2.2,-7.7,2,1.6,1.8,2.4,2.5,5.1,7.7,13.5,16.1,1.9,2.7,,
108,2020-01-24,2.8,-1.3,816,7.4,1534,,,,,,,6.4,320,1648,3.7,320,1737,1.7,1508,-3.7,43,1526,63,4.6,1019.5,1031.7,950,1027.2,1,1030.3,10.1,8.8,1200,1.87,10.53,,,,,,3,0,1.9,-6.1,2.3,2.3,2.4,2.8,2.6,5,7.6,13.4,16.1,1.4,2.1,,
108,2020-01-25,4.3,.6,251,8.8,1202,,,,,,,6.8,320,1941,3.9,320,1851,1.5,1309,-2.2,49,1102,63.1,5.2,1018.7,1031.1,14,1027.2,1542,1029.5,10.1,3.6,1100,1.56,7.86,,,,,,7.4,3.1,2.4,-4.8,2.7,2.8,2.8,3.1,2.9,5.1,7.6,13.4,16.1,1.1,1.6,,
108,2020-01-26,5.5,-.2,747,11.9,1516,,,,,,,11.1,90,2122,6.1,70,1948,2.7,2342,-3.2,31,1425,56.3,4.8,1016.5,1029.5,230,1024.6,1620,1027.2,10.1,7.3,1200,1.97,11.21,,,,,,5.8,0,3.5,-7.1,3.5,3.2,3,3.5,3.2,5.1,7.5,13.3,16.1,3,4.3,,
108,2020-01-27,5.9,4.8,2331,7.5,1418,6.92,,,,,.1,13.7,90,720,7,70,1649,4.6,3987,-4.5,35,1531,48.1,4.5,1010.4,1025.8,1,1018.3,1445,1021,10.2,0,1200,.51,2.76,,,,,,9.5,4.8,3.6,2.8,3.9,3.9,3.8,4.1,3.7,5.1,7.5,13.3,16.1,1.6,2.4,.1,
108,2020-01-28,6.8,4.3,231,9.9,1442,2.67,,,,,0,8.8,70,2030,5.4,70,2028,2.6,2263,-3.3,37,1329,49.4,4.8,1007.7,1019.6,1,1016.9,1533,1018.2,10.2,0,1300,.75,3.98,,,,,,7.3,6.8,4.6,.6,4.8,4.4,4.1,4.4,4,5.3,7.4,13.2,16,1.6,2.3,,
108,2020-01-29,6,3.2,708,9.6,1450,,,,,,,5.8,50,947,3.6,70,1921,2.1,1837,-4.8,35,1623,46.4,4.3,1005.3,1018.8,1,1013.8,1608,1015.8,10.2,3.1,1200,1.24,7.3,,,,,,6.6,2,3.7,-.6,4.2,4.3,4.2,4.5,4.2,5.3,7.4,13,15.9,1.6,2.3,,
108,2020-01-30,5.2,1.4,814,10.4,1249,,,,,,,5.7,290,1748,3,320,1433,1.8,1513,-5.4,30,1255,47,4.1,1004.4,1016.9,2316,1013.3,1430,1014.9,10.3,5.5,1200,2.26,9.24,,,,,,4,3.8,3,-5.3,3.8,4.1,4.2,4.6,4.5,5.5,7.4,13,15.9,1.7,2.4,,
108,2020-01-31,3.9,1.4,2357,8.9,1347,.17,,,,,0,8.1,230,1545,4.4,270,1435,2.3,2022,-3.3,41,1333,59.6,4.8,1009,1022.6,2301,1016.8,2,1019.7,10.3,6.1,1300,1.89,9.41,,,,,,4.8,4.3,2.8,-6.3,3.9,4.3,4.3,4.7,4.6,5.6,7.5,13,15.8,1.4,2,0,
108,2020-02-01,2.6,-1.2,705,7.6,1556,,,,,,,7.7,320,1434,4.7,270,1457,1.7,1505,-3.2,43,1526,66.6,4.9,1013.4,1025.4,2322,1022.2,109,1024.1,10.3,5.3,1500,1.17,7.17,,,,,,3.4,3.4,2.3,-7.6,2.6,3.3,3.8,4.4,4.6,5.8,7.5,12.9,15.8,1.1,1.6,,
108,2020-02-02,1.5,-2.1,747,5.3,1309,,,,,,,7.3,290,1815,4.7,320,1821,1.8,1564,-7.8,24,1834,52.3,3.4,1014.7,1027.4,941,1023.9,1700,1025.6,10.3,4.8,1200,1.42,8.39,,,,,,6.1,2.3,1.9,-8.7,2.4,2.9,3.4,4,4.4,5.8,7.6,12.9,15.7,1.6,2.3,0,
108,2020-02-03,-.4,-2.9,2357,3,1456,3.08,,,,,0,9,290,1419,5.7,270,1448,3.1,2705,-11.8,23,1359,43.6,2.6,1016.3,1029.4,2340,1024.8,1,1027.3,10.4,9.6,1200,2.22,13.56,,,,,,1.5,1.1,2.3,-6.2,2.5,3,3.4,4,4.3,5.8,7.5,12.7,15.7,2,2.9,,
108,2020-02-04,-1.6,-6,635,3.9,1429,7.25,,,,,1.7,10.8,340,2351,6.2,340,2059,2.8,2376,-11,32,1122,50.3,2.9,1015.8,1029.2,1,1023.3,1723,1026.7,10.4,6.4,1100,1.93,10.01,.8,1945,.8,1945,.8,3.9,3.8,.3,-11.4,.7,1.7,2.7,3.5,4.1,5.8,7.6,12.7,15.7,1.4,2,1.7,
108,2020-02-05,-8.3,-11,757,-4.9,1601,,,,,,,10.2,320,50,5.5,320,154,3.3,2869,-20.4,27,1458,37.3,1.2,1021,1035,2357,1027.8,3,1032.4,10.5,9.7,1200,2.35,14.82,,,.7,1,,0,0,-2.5,-13.2,-.7,1,2.1,3,3.7,5.8,7.6,12.7,15.6,1.4,2,,
108,2020-02-06,-6.4,-11.8,634,.4,1433,,,,,,,7,290,2005,4,290,2018,1.9,1615,-19.2,19,1411,36.4,1.4,1023,1036.7,934,1032.2,2319,1034.2,10.5,9.7,1200,2.23,13.97,,,,,,.9,0,-2.7,-15.7,-1.7,0,1.3,2.3,3.2,5.7,7.6,12.6,15.5,1.6,2.2,,
108,2020-02-07,-1.7,-7.2,123,2.2,1533,.58,,,,,0,6.9,340,1523,3.5,320,1440,2,1693,-12.9,14,1128,45.1,2.5,1018.5,1032.4,1,1026.9,1732,1029.5,10.5,6.1,1300,1.98,10.14,,,,,,8.9,8.9,-.4,-12.5,-.7,0,1,1.9,2.9,5.6,7.6,12.5,15.5,1.5,2.2,0,
108,2020-02-08,-.1,-2.3,803,3.7,1611,.17,,,,,0,8.9,270,1538,5.3,340,1200,3,2608,-10.1,29,1523,48.1,2.9,1016.7,1028.9,949,1025.8,1500,1027.5,10.6,9.6,1200,2.24,13.89,,,,,,2.5,2.5,1.4,-5.8,.5,.4,1.2,1.9,2.7,5.3,7.5,12.4,15.4,1.9,2.7,,
108,2020-02-09,-.5,-5.6,742,4.1,1447,.08,,,,,0,8,230,1553,4.4,270,1314,2,1726,-9.8,24,1358,51.1,3,1014.6,1029,303,1022.5,2024,1025.5,10.6,9.6,1200,2.34,14.33,,,,,,2.8,1.9,.5,-12.2,0,.7,1.4,2.2,2.6,5.1,7.4,12.4,15.4,1.8,2.6,0,
108,2020-02-10,4,-.7,646,9.6,1500,.92,,,,,0,7.8,360,1334,4.2,320,1312,1.7,1475,-6.5,25,1439,49.4,3.8,1013.4,1027.5,2348,1021.6,434,1024.1,10.6,9.7,1200,2.24,14.22,,,,,,1.1,1.1,3.4,-8.2,2.6,2.3,2.1,2.5,2.6,5.1,7.3,12.4,15.3,2.3,3.3,,
108,2020-02-11,6.8,-.5,711,14.6,1526,,,,,,,5.7,90,847,3.6,70,852,1.6,1410,-7.9,17,1634,37,3.4,1016.3,1029.1,1106,1024.6,2400,1026.9,10.7,7.6,1200,2.24,10.91,,,,,,2.3,0,.6,-5.5,,,,,2.9,5,7.2,12.3,15.3,2.4,3.4,.1,
108,2020-02-12,7.4,6.5,1219,8.2,1928,20.58,,,,,6.7,7.9,70,1150,5,70,1226,2.2,1906,2.1,31,49,73.4,7.6,1006.4,1024.7,5,1012.3,1750,1016.9,10.7,0,1300,.56,2.86,,,,,,9.9,8.1,5.8,3.4,5.3,4.7,4.2,4.3,3.6,5,7.2,12.3,15.2,.6,.9,6.6,
108,2020-02-13,6.5,4.9,656,8.7,1534,,,,,,,5.3,200,1127,3.2,200,1506,1.7,1461,4,69,1523,84.8,8.2,1008.8,1021.5,2156,1014.7,1,1019.3,10.7,1.3,1100,.91,6.43,,,,,,9.1,9.1,6.6,.4,6.2,5.8,5.2,5.2,4.4,5.2,7.2,12.2,15.3,.9,1.2,,.78
108,2020-02-14,8.1,3.2,708,14.7,1631,,,,,,,4.9,320,127,3,200,1438,1.2,998,2.5,41,1515,70.3,7.3,1010.4,1022.8,2320,1018.7,1645,1020.8,10.8,8.7,1200,2.14,13.13,,,,,,2.1,1.4,6.9,-2,6.7,6.2,5.6,5.6,4.9,5.3,7.1,12.1,15.1,2.1,2.9,,
108,2020-02-15,9.8,6.2,735,15.6,1250,4.25,,,,,2,9,320,2035,5,70,456,2.7,2350,2.4,37,1251,63,7.4,1007.3,1022.9,10,1011.9,2347,1017.6,10.8,5,1100,2.05,8.77,,,,,,5.8,3.8,6.6,.5,7.2,6.8,6.1,6.2,5.5,5.6,7.1,12.1,15.1,1.7,2.4,14.4,
108,2020-02-16,-1.4,-4.3,2245,7.7,1,17,,,,,13.4,11.5,270,1400,6.6,270,1407,4,3423,-4.3,59,1850,81.1,4.6,1002.6,1016.2,2313,1011.4,431,1013.5,10.8,1.6,1400,.92,4.14,3.9,1300,3.9,1300,4,8.9,8,2.2,-4.6,3.7,5,5.7,6.2,6,5.9,7.2,12.1,15.1,.7,1,2,
108,2020-02-17,-5.9,-7.1,2258,-3.9,130,14.75,,,,,1,9.4,320,1659,5.6,320,1702,3.4,2963,-11.6,52,1516,64.3,2.6,1007.4,1023.3,2349,1015.8,133,1018.4,10.9,3.2,1400,1.31,7.08,3.8,600,5.5,600,3.8,6.5,6.1,.3,-6.9,1.3,2.7,3.8,4.7,5.3,6.2,7.4,12.1,15.1,.8,1.2,0,
108,2020-02-18,-4.1,-8.3,745,1.3,1608,,,,,,,6.6,290,916,4.1,290,1458,2.3,1968,-14.8,27,1529,44,2,1016.7,1029.9,2219,1023,19,1027.7,10.9,10.1,1200,2.56,16.78,,,2,1,,0,0,-.1,-8.6,.2,1.7,2.9,3.8,4.6,6.1,7.4,12,15,1.7,2.5,,
108,2020-02-19,1,-4.4,624,6.4,1512,,,,,,,5.4,250,1415,3.2,270,1504,1.5,1293,-6.9,35,1232,56.8,3.7,1019.3,1031.3,1006,1029,1601,1030.2,11,7.4,1200,1.84,12.13,,,,,,6,3.1,1.8,-7.4,1.1,1.8,2.6,3.4,4.1,6,7.5,12,15,1.5,2.1,,
108,2020-02-20,4.6,-.6,659,10.8,1547,,,,,,,6,270,1454,3.3,290,1444,1.7,1465,-2.4,35,1457,62.6,5.1,1022.6,1035.3,2014,1030.8,1,1033.4,11,9.4,1200,2.15,13.71,,,,,,2.5,1.8,4,-5,3.7,3.4,3.2,3.7,4,5.8,7.5,11.9,14.9,2,2.9,,
108,2020-02-21,6.7,2.1,459,10.9,1438,4.92,,,,,4.2,9.7,250,2049,5.3,250,2050,2.2,1862,.5,40,1340,66.3,6.5,1018.5,1034.8,2,1022.1,2356,1029.2,11,1.1,1300,1.15,6.5,,,,,,9.3,4.3,4.4,-3.7,4.5,4.3,4.1,4.4,4.4,5.7,7.4,11.8,14.9,1.3,1.9,7.3,
108,2020-02-22,4,0,2340,7.9,1246,3.83,,,,,3.1,14.4,290,1319,8.2,320,1324,4,3453,-3.1,40,1430,62,5.1,1014.2,1029.9,2344,1021.4,204,1024.9,11.1,5.9,1200,2.17,9.06,,,,,,5.9,5.5,4.2,-2.8,5.1,5.3,5.1,5.3,4.9,5.7,7.4,11.8,14.8,1.7,2.4,0,
108,2020-02-23,2.5,-2.5,645,8,1446,,,,,,,8.1,290,1434,4.2,270,1435,2,1759,-7.9,25,1157,48.6,3.4,1018.2,1031.2,856,1026.8,1707,1029,11.1,10.2,1200,2.6,17.37,,,,,,.9,.9,3.6,-9.8,3.8,4.1,4.3,4.8,5,5.8,7.4,11.7,14.8,2.5,3.6,,
108,2020-02-24,7,.8,514,12.2,1408,,,,,,,6.2,250,1442,3.4,230,1445,1.6,1415,-2.4,35,1410,51.8,5.2,1013.6,1027.5,15,1021.1,2347,1024.1,11.1,7.7,1200,2.2,13.21,,,,,,7,3.6,6.1,-4.1,5.7,5.2,4.8,5.1,5,5.9,7.4,11.8,14.8,2.1,2.9,8.6,
108,2020-02-25,6.7,4.7,2400,9.4,1642,12.58,,,,,16.6,12.4,90,1646,6.8,70,1603,4.2,3601,2.1,58,1656,73.5,7.2,1007.4,1021.1,5,1014.8,1449,1017.9,11.2,.6,1500,.91,4.11,,,,,,7.5,5.5,6,2.1,6.1,6.1,5.8,6,5.7,6,7.5,11.8,14.8,1.2,1.7,8,
108,2020-02-26,6.4,2.8,423,10.4,1513,.42,,,,,0,6.6,70,24,4,340,1411,2.1,1817,-1.1,39,1645,59.6,5.6,1012.7,1026.2,2322,1020.4,1,1023.3,11.2,4.8,1200,1.74,10.45,,,,,,5.3,5.3,5.4,-2.1,5.7,5.8,5.6,5.9,5.7,6.1,7.4,11.6,14.7,1.9,2.7,0,
108,2020-02-27,6.1,1.3,657,12.5,1528,,,,,,,7,200,1740,4.4,250,1747,2,1709,-3,27,1514,54,4.9,1017,1029.7,957,1026.1,1,1027.7,11.3,10.4,1300,2.74,16.77,,,,,,2.6,2.1,6,-3.5,6.2,6.1,5.9,6.1,5.9,6.2,7.4,11.6,14.6,2.7,3.8,,
108,2020-02-28,4.5,3.6,1335,5.9,1013,13.83,,,,,3.9,8.1,250,1020,4.2,230,1028,1.4,1172,1,43,1021,79.4,6.7,1011.9,1026.7,13,1019.7,2210,1022.5,11.3,0,1400,.42,2.41,,,,,,9.8,7.3,4.7,-.7,4.9,5.4,5.8,6.2,6.2,6.4,7.4,11.6,14.6,.5,.8,4.4,
108,2020-02-29,7.7,4.5,1,13,1550,5.17,,,,,.5,6.4,270,1449,4.2,270,1658,1.7,1445,1.7,41,1621,68.6,6.9,1007.7,1019.7,1,1016,1548,1018.2,11.3,9.5,1200,2.77,17.12,,,,,,3,2.9,8.4,-1.9,8.1,7.4,6.5,6.5,6,6.4,7.5,11.5,14.5,2.4,3.4,,
108,2020-03-01,5.8,3.2,511,10.1,1314,4.5,,,,,.2,8.3,320,2236,4.7,270,1529,2,1731,1,58,1159,71.8,6.6,1007.9,1020,2357,1016.5,1419,1018.5,11.4,.2,1100,1.47,5.4,,,,,,8.1,7.9,5.5,-1.9,6.3,6.7,6.7,7.1,6.6,6.6,7.5,11.5,14.5,1.2,1.7,.2,
108,2020-03-02,3.4,0,723,7.6,1546,.33,,,,,0,9.3,290,526,4.9,290,451,2.7,2303,-5.2,33,1439,55.3,4.2,1013.1,1026.4,2211,1020,1,1023.8,11.4,10,1200,2.69,17.08,,,,,,1.6,.5,5,-4.1,5.8,6.2,6.3,6.7,6.7,6.7,7.6,11.5,14.5,2.3,3.3,,
108,2020-03-03,4.8,.3,441,10.5,1329,,,,,,,8,270,1547,4.7,320,1747,2.6,2222,-3.2,35,1254,57,4.9,1013.3,1026.3,159,1021.3,1714,1023.9,11.5,4.1,1200,1.64,10.62,,,,,,6.5,4.5,3.7,-6.1,5,5.7,6,6.5,6.5,6.9,7.7,11.4,14.5,1.9,2.8,0,
108,2020-03-04,2.2,-1.3,2351,4.6,1046,1.5,,,,,0,11.7,250,1112,6.8,270,1118,3.7,3208,-6.5,32,1439,53.4,3.9,1011.4,1024.5,2317,1020.4,1443,1022.2,11.5,6.6,1100,2.3,10.41,,,,,,5.1,5.1,4,-4.8,4.7,5.4,5.9,6.4,6.5,6.9,7.8,11.4,14.4,1.8,2.5,0,
108,2020-03-05,1.4,-2.8,654,6.3,1527,,,,,,,7.6,200,1258,4.1,270,1401,2.5,2165,-8.9,25,1415,47.5,3.1,1014.5,1027.5,938,1023.6,1729,1025.3,11.5,10.9,1200,2.83,19.25,,,,,,0,0,3.8,-6.4,3.9,4.5,5,5.7,6.1,6.9,7.9,11.4,14.4,2.4,3.5,,
108,2020-03-06,3.7,-2.5,718,10.1,1621,,,,,,,6,180,1452,3.6,200,1454,1.6,1355,-7.8,16,1540,46.8,3.5,1011.7,1025.2,245,1019.5,1704,1022.3,11.6,10.6,1100,2.44,16.82,,,,,,2.5,0,4.5,-9.2,4.4,4.8,5.1,5.6,5.9,6.9,7.9,11.4,14.3,2.6,3.7,,
108,2020-03-07,7,1.3,633,14.2,1442,,,,,,,6.3,290,1748,4.1,270,1624,2,1751,-6.5,18,1302,39.5,3.8,1007.5,1020.2,118,1015.6,1557,1018,11.6,5.9,1300,2.43,13,,,,,,5.4,3.5,7,-4.5,6.1,5.8,5.6,6,5.9,6.9,7.9,11.4,14.3,2.7,3.8,,
108,2020-03-08,9.3,2.3,723,16.9,1559,,,,,,,7,270,1740,4.6,270,1754,1.6,1356,-3.5,20,1240,43.8,4.7,1008,1020.9,958,1016.5,1703,1018.4,11.7,10.7,1200,2.74,18.27,,,,,,.3,0,8.6,-3.6,7.4,7.1,6.6,6.7,6.3,6.9,7.9,11.3,14.3,3.6,5.1,,
108,2020-03-09,11.1,4.8,719,17.6,1423,,,,,,,7.3,320,2053,4.5,320,1942,1.8,1528,-3.5,20,1158,37.6,4.7,1003.6,1018.6,129,1010.5,2352,1013.9,11.7,7.1,1100,2.54,14.19,,,,,,6.5,2.4,9.7,-2.7,8.8,8.1,7.4,7.4,6.8,6.9,7.9,11.3,14.2,2.9,4.2,4.8,
108,2020-03-10,6.4,3.2,2343,10.8,1,18.67,,,,,11.8,8.7,290,1840,5.3,290,1841,2.8,2408,2.6,40,1,78.4,7.6,997.6,1011.6,2353,1005.2,1436,1008,11.7,0,1100,.54,2.72,,,,,,7.5,6.1,6.5,0,7.7,8.1,8,8.2,7.7,7.2,8.1,11.4,14.3,1,1.5,7,
108,2020-03-11,3.8,0,658,8.3,1454,,,,,,,9.6,290,1006,5.5,320,956,3.3,2867,-8.4,24,1254,41.8,3.3,1007.7,1022.4,2347,1011.6,1,1018.4,11.8,11.2,1200,2.95,20.72,,,,,,0,0,4.8,-2.2,5.7,6.3,6.5,7.1,7.3,7.3,8.1,11.3,14.2,3,4.3,,
108,2020-03-12,6.8,.2,638,13.3,1435,,,,,,,10.2,290,1632,5.4,230,1624,2.5,2192,-4.3,19,1525,49.8,4.6,1010.9,1023.2,624,1018.5,1548,1021.4,11.8,8.1,1300,2.19,14.32,,,,,,4,2.4,5.5,-4.2,6.1,6.3,6.4,6.9,7,7.4,8.1,11.2,14.1,2.9,4.1,.5,
108,2020-03-13,4.9,-.1,2400,8.7,1427,2.25,,,,,.5,9.1,340,1954,5.4,340,1959,3.3,2857,-8.7,18,1516,41,3.6,1011.3,1024.3,1005,1020.2,1703,1021.9,11.9,9.7,1200,2.7,17.82,,,,,,6.6,2.3,7.7,-3.3,7.7,7.6,7.3,7.6,7.2,7.4,8.2,11.2,14.1,3.2,4.6,,
108,2020-03-14,3.6,-2.7,642,8.6,1440,,,,,,,11.9,230,1400,6.8,230,1543,3,2608,-6.9,25,1100,48.1,3.9,1005,1021.5,1,1011.8,1803,1015.6,11.9,10,1200,2.82,18.6,,,,,,2.1,2.1,5.6,-8.2,5.5,6.1,6.5,7.1,7.2,7.5,8.2,11.2,14.1,2.8,3.9,,
108,2020-03-15,4,.2,2335,8.5,1327,,,,,,,14.4,270,1533,7.8,320,1507,3.6,3135,-7.3,19,1344,48.3,3.8,1001.4,1018.2,2400,1008.4,1446,1011.9,11.9,8.5,1100,2.54,17.29,,,,,,3.1,1.6,6.2,-3.4,6,6.5,6.8,7.2,7.1,7.6,8.3,11.2,14.1,3.4,4.8,,
108,2020-03-16,3.6,-2.1,638,9.1,1510,,,,,,,9.8,200,1711,5.2,250,1634,2.8,2382,-8.8,17,1418,42.4,3.2,1011.4,1024.7,912,1018.2,1,1022.1,12,11.3,1200,2.96,21.18,,,,,,1,1,6.1,-8.6,5.5,6.1,6.3,6.9,6.9,7.6,8.4,11.2,14,3.3,4.7,,
108,2020-03-17,6.6,3.1,46,12.3,1537,,,,,,,9,230,1810,5.2,230,1614,2.1,1798,.5,50,1521,65.8,6.4,1005,1020.9,1,1012.1,1538,1015.5,12,4.2,1500,1.77,6.89,,,,,,4.8,4.8,7.5,-3,6.6,6.7,6.8,7.2,7.1,7.6,8.5,11.3,14,1.4,2,,
108,2020-03-18,10,2.7,726,17,1550,,,,,,,8.1,200,1530,4.4,230,1538,1.8,1529,-3.5,16,1549,45.8,4.9,1002.6,1017.1,856,1008.4,2358,1012.9,12.1,11.1,1200,2.93,20.66,,,,,,0,0,9.8,-5.4,8.2,7.7,7.2,7.4,7.1,7.6,8.4,11.2,14,4.3,6.1,,
108,2020-03-19,9.1,5.8,2400,12.1,641,.33,,,,,0,16.3,270,1130,8.2,250,1636,4.8,4114,-1.3,27,1,49,5.8,995.6,1012.7,2357,1000.7,735,1005.9,12.1,7.7,1100,2.75,15.51,,,,,,3.4,3,9.9,1.8,9,8.7,8.3,8.4,7.8,7.7,8.6,11.3,14,3.2,4.6,0,
108,2020-03-20,8.8,3.1,641,14,1421,,,,,,,13,230,1547,6.6,270,1450,3.1,2715,-5.6,15,1425,39.6,4.2,1003.3,1015.4,914,1011.8,1838,1013.7,12.1,11,1200,2.86,20.58,,,,,,.4,0,9.9,-4.5,8.7,8.5,8.2,8.4,7.9,7.8,8.5,11.2,13.9,4.4,6.3,,
108,2020-03-21,12.8,7.9,107,19.5,1538,,,,,,,8.6,320,1819,5.1,290,1821,2,1720,4,36,1433,56.5,8.4,1001.3,1014.2,853,1007.9,1631,1011.5,12.2,6.1,1300,2.58,14.83,,,,,,6.9,6.3,13.9,2.3,11.4,10.3,9.2,9.1,8.3,8,8.6,11.2,13.9,2.9,4.1,,
108,2020-03-22,11,6.1,631,16.5,1402,,,,,,,10.2,320,1455,5.6,320,1248,3,2590,-5.8,13,1403,37.5,4.5,1004,1017.8,2251,1011.7,1,1014.4,12.2,11.6,1200,3.12,22.54,,,,,,.1,0,13.6,.9,12.2,11.6,10.4,10.3,9.1,8.1,8.6,11.2,13.8,5.4,7.8,,
108,2020-03-23,10.6,5.4,516,17,1507,,,,,,,9.6,320,1544,4.8,270,1641,1.9,1642,-3.6,20,1544,37.9,4.8,1006.7,1018.6,709,1014.6,1616,1017.1,12.3,11.5,1200,2.92,20.72,,,,,,0,0,12.6,-3.1,11.1,10.9,10.3,10.4,9.5,8.4,8.7,11.2,13.8,4,5.7,,
108,2020-03-24,11.4,5.3,558,17.9,1444,,,,,,,7,290,1656,4,200,1254,1.8,1551,-4.4,15,1341,35,4.4,1009.8,1022,1002,1018.1,1,1020.2,12.3,11.5,1200,2.94,21.06,,,,,,0,0,13.2,-2,11.6,11.2,10.5,10.6,9.7,8.7,8.8,11.1,13.8,4.3,6.2,,
108,2020-03-25,12.5,6.1,644,19.2,1401,,,,,,,8.3,290,1547,5.3,320,1632,1.9,1610,-3.7,17,1403,33.6,4.7,1009.7,1022.2,956,1018.1,1533,1020.1,12.4,9.2,1200,2.84,19.29,,,,,,4,0,13.9,-1.8,11.9,11.5,10.7,10.8,9.9,8.9,9,11.1,13.7,4.1,5.8,,
108,2020-03-26,14.8,8.1,622,20.6,1330,4.92,,,,,1.8,7.3,180,1743,5.3,160,1746,1.9,1655,4.2,24,1150,53.8,8.9,1004.9,1019,8,1011.6,2358,1015.1,12.4,4.3,1100,2.56,11.97,,,,,,6.9,3.9,13.5,2,12.8,12,11.2,11.2,10.2,9,9.1,11.1,13.7,2.5,3.5,3.8,
108,2020-03-27,11.9,6.7,2357,15.8,1512,5.92,,,,,2,10.3,250,1624,5.8,320,1129,3.3,2843,1.8,27,1653,56.4,8.1,1003.2,1020.7,2359,1009.7,407,1013.4,12.4,7.4,1300,2.96,17.04,,,,,,5.1,3.5,14.4,3.5,13.8,13.3,12.2,12,10.7,9.3,9.3,11.1,13.7,4.6,6.6,,
108,2020-03-28,7.7,4.5,622,12.8,1522,,,,,,,10.1,360,558,5.5,340,641,3.2,2757,-15.8,11,1218,17.9,1.8,1010.8,1024,815,1018.4,1548,1021.3,12.5,9.1,1300,2.92,19.87,,,,,,5.1,0,10.8,-2.1,10.2,10.8,11,11.4,10.9,9.6,9.4,11.2,13.7,4.7,6.7,,
108,2020-03-29,8.7,1.3,632,16.1,1520,,,,,,,7.4,270,1638,4.6,290,1729,2,1733,-8,16,1443,30.6,3.4,1010.9,1024.2,711,1018.9,1815,1021.4,12.5,11.6,1200,3.17,23.12,,,,,,1.5,0,11.8,-5.5,10.4,10.4,10.4,10.8,10.4,9.7,9.5,11.1,13.6,4.3,6.2,,
108,2020-03-30,10.2,4.3,658,16.9,1542,,,,,,,6.8,290,1340,4.1,270,1801,1.8,1560,-4.7,14,1344,38.4,4.4,1010.1,1022.2,805,1018,1641,1020.5,12.5,11.7,1200,3.12,22.73,,,,,,.9,0,13.3,-3.7,11.5,11.3,10.9,11.1,10.4,9.8,9.7,11.1,13.6,4.5,6.5,,
108,2020-03-31,11.9,4.7,622,18.6,1401,,,,,,,7.4,340,1403,4.4,290,1521,2,1709,-4.1,15,1313,34.5,4.5,1007,1020.9,120,1014.3,1714,1017.3,12.6,10,1100,2.97,20.68,,,,,,5.5,0,14.5,-3.3,12.3,11.8,11.2,11.4,10.6,9.9,9.8,11.1,13.6,4.9,7,,
108,2020-04-01,11.3,6,2358,17.4,1350,,,,,,,11.9,290,1520,7.3,270,1437,3.7,3227,-4.3,17,1709,35.6,4.5,1004.5,1020.3,2314,1011.5,1353,1014.8,12.6,8.6,1200,2.82,19.12,,,,,,3.5,0,15,-.8,13.1,12.8,12,12,11.1,10.1,10,11.1,13.6,4.7,6.8,,
108,2020-04-02,9.3,3.4,613,15.5,1315,,,,,,,9.8,270,1502,5.5,270,1533,2.3,1985,-4.7,15,1503,41.4,4.4,1011.6,1023.5,950,1020.1,39,1022,12.7,10.6,1200,2.85,21.25,,,,,,2.6,0,13.1,-3.4,11.8,11.9,11.6,11.9,11.2,10.2,10,11.1,13.5,4.2,6,,
108,2020-04-03,10,5.3,504,16.3,1434,,,,,,,9.4,290,1611,5.7,270,1628,2.7,2303,.2,23,1345,53.8,6.3,1010.5,1023.6,744,1018.4,1557,1020.9,12.7,10.7,1200,3.09,22.56,,,,,,1.3,1.3,14.2,-3.1,12.4,12.2,11.8,11.9,11.1,10.3,10.1,11.2,13.5,4.2,6,,
108,2020-04-04,8.9,5,2358,13.3,1505,,,,,,,12.8,270,1650,6.3,290,1657,3.4,2970,-9.1,10,1635,36.4,3.9,1008.6,1022.5,2354,1017,555,1019,12.8,10.4,1200,3.25,23.33,,,,,,.8,.8,13.8,-2.2,12.3,12.5,12.1,12.3,11.4,10.5,10.3,11.3,13.5,6,8.5,,
108,2020-04-05,7.2,1.9,605,13.7,1516,,,,,,,9.7,200,1638,5.4,230,1629,2.8,2380,-11.2,13,1059,29.5,3,1011.8,1023.8,735,1020.2,1648,1022.3,12.8,12.1,1200,3.26,24.58,,,,,,0,0,12.4,-5.8,11,11.5,11.5,11.9,11.3,10.6,10.4,11.2,13.5,4.7,6.6,,
108,2020-04-06,9.3,2.9,601,16.1,1348,,,,,,,10.2,250,1508,5.9,270,1516,2.4,2116,-5.1,18,1326,38.3,4.3,1010,1022.9,47,1017.7,1812,1020.4,12.8,11.4,1200,3.04,22.51,,,,,,3.5,0,13.8,-6.4,11.9,11.8,11.5,11.8,11.1,10.7,10.5,11.2,13.4,4.4,6.3,,
108,2020-04-07,10.6,6,430,16.8,1416,,,,,,,8.4,200,1639,5.1,270,1524,2.5,2123,1.7,32,2345,56.6,7.1,1005.3,1019.3,1,1013,1736,1015.7,12.9,9,1200,2.68,19.3,,,,,,2.1,2.1,14.8,-1.3,13,12.8,12.1,12.2,11.4,10.8,10.7,11.4,13.5,3.8,5.4,,
108,2020-04-08,9.4,5.2,457,14.2,1557,,,,,,,11.2,340,1214,5.9,340,1124,3.5,2999,-10.4,13,1319,25.5,2.8,1007.8,1021.2,2348,1015.5,5,1018.2,12.9,12.3,1200,3.25,24.86,,,,,,0,0,14.3,-1.7,12.1,12.3,12.1,12.3,11.6,10.8,10.7,11.3,13.4,5.7,8.1,,
108,2020-04-09,8.9,4.3,604,14.7,1437,,,,,,,10.2,250,1529,5.7,250,1707,2.8,2381,-2.8,30,1300,44.6,5.1,1011.5,1024.7,2358,1020.3,1531,1022,12.9,11.8,1200,3.33,24.79,,,,,,1.3,.1,14,-2,11.3,11.4,12.5,11.9,11.6,11,10.8,11.3,13.4,4.4,6.2,,
108,2020-04-10,10.7,5.8,520,16.8,1527,,,,,,,7.5,290,1557,4.1,290,1619,2.4,2103,1,32,1428,52.6,6.6,1014,1026.4,857,1022.3,1549,1024.5,13,9.2,1000,2.68,21.07,,,,,,4.8,2.1,17,1.7,12.3,12.2,12.3,11.9,11.7,11.3,11.1,11.5,13.5,3.5,4.9,,
108,2020-04-11,9.9,6.2,630,16,1441,,,,,,,8.6,230,1444,4.9,270,1804,2.5,2118,2.8,39,1449,63.8,7.5,1009.1,1024.1,1,1016.6,1735,1019.6,13,8.8,1300,2.89,19.4,,,,,,4.8,1.4,15.6,2.7,12.7,12.7,12.7,12.3,12,11.4,11.2,11.6,13.5,3.1,4.4,,
108,2020-04-12,9.9,4.4,617,15.6,1136,,,,,,,13.4,70,1326,7.4,90,1333,3.8,3273,1.6,39,1654,58.6,6.9,1004.4,1016.7,1,1013.2,1555,1014.8,13.1,8.3,1300,2.55,19.25,,,,,,3.1,2.8,13.2,-1.2,11.8,12.3,11.9,12.2,12.1,11.5,11.3,11.6,13.5,4,5.7,,
108,2020-04-13,12.4,4.3,617,20.4,1617,,,,,,,9.8,90,1244,5.5,50,1536,3.1,2676,-2.6,16,1546,39.4,5.1,1003.9,1015.8,30,1011.8,1542,1014.2,13.1,12.2,1200,3.3,26.02,,,,,,1.9,0,18,1.2,12.5,12.4,12.6,12.2,12,11.6,11.4,11.6,13.5,5.7,8.1,,
108,2020-04-14,13,7.6,631,19.6,1351,,,,,,,10,250,1437,5.3,270,1501,2.4,2035,.9,23,1324,46.8,6.6,1006.3,1018,923,1014.8,1654,1016.5,13.1,12.1,1200,3.44,25.93,,,,,,1.3,0,18.7,.6,13.8,13.2,13.7,12.7,12.3,11.7,11.5,11.7,13.5,5.2,7.4,,
108,2020-04-15,13.2,7.2,609,20.2,1510,,,,,,,9.2,290,1528,5.6,290,1645,2.2,1920,-.7,25,1445,39.8,5.8,1004.6,1017.1,1,1012.5,1528,1014.9,13.2,10,1200,2.91,21.49,,,,,,5.4,0,17.5,.4,13.6,13.6,13.7,13.1,12.7,11.8,11.6,11.7,13.4,4.6,6.6,,
108,2020-04-16,16,8.9,353,23.8,1535,,,,,,,8,320,1753,4.5,320,1800,2.3,1989,1.8,23,1632,39.9,7,1006.1,1018.7,950,1013.3,1636,1016.2,13.2,10.6,1200,3.18,22.96,,,,,,2.9,1,20.1,1.9,15,14,14.8,13.4,12.9,12,11.6,11.7,13.4,4.8,6.8,.9,
108,2020-04-17,12.5,10.4,959,15.4,201,9.5,3,1300,3.9,1238,6.5,9.4,160,820,4.8,140,828,2.4,2085,8.5,45,1,77.8,11.1,1002.2,1016.4,57,1010.3,1842,1012.5,13.2,.3,1400,.77,4.23,,,,,,9.1,6.4,12.1,7.5,13.3,14.2,13.7,13.9,13.5,12.1,11.8,11.7,13.4,1.1,1.5,5.6,
108,2020-04-18,13.5,8.5,632,19.6,1455,,,,,,,8,290,1636,4.8,270,1656,2.6,2252,7.2,44,1457,67.9,10.2,1005.9,1019.2,2138,1011.6,1,1016.1,13.3,10.4,1200,3.42,23.09,,,,,,2.6,1.6,18.1,6.4,14.3,13.7,14.2,13.3,13.1,12.3,11.9,11.8,13.4,3.7,5.3,,
108,2020-04-19,12.3,9.5,2300,15.5,1332,9,.8,1859,2.9,1712,10.3,8.6,70,2044,5.2,90,2037,2.7,2300,7.8,51,1358,75.8,10.6,1004.1,1018.8,1,1010.3,2257,1014.4,13.3,.3,800,.9,5.25,,,,,,9.5,4.8,12.5,7.2,13.1,13.9,13.4,13.7,13.5,12.4,12,11.8,13.4,1.3,1.9,10.3,
108,2020-04-20,10,7.6,2353,13.1,1059,2.33,.1,,.1,,.1,14.2,270,1626,6.8,270,1621,3.3,2885,5.2,56,2029,73,9,1000.6,1013.9,2203,1009,1616,1010.9,13.4,1.3,1000,1.6,7.34,,,,,,7.4,5.8,10.2,4.8,11.7,12.8,12.1,12.9,13.1,12.6,12.1,11.8,13.4,1.7,2.5,.1,
108,2020-04-21,7.4,4.8,2257,10.4,1418,,,,,,,17,230,1435,8.9,290,1739,4.4,3798,-3.4,29,1522,49,5,1003.8,1017.2,2204,1012.7,531,1014.3,13.4,10.1,1400,3.26,23.63,,,,,,3.6,3.3,12.2,.4,10.7,11.8,11,12.1,12.6,12.6,12.2,11.9,13.4,4.2,6.1,,
108,2020-04-22,6,4.1,550,8.3,1405,2.33,0,,0,,0,12.5,290,1145,6.4,290,1325,4,3451,-4.6,35,1132,46.8,4.4,1005.9,1018.1,2340,1015.2,316,1016.5,13.4,5.3,1000,2.48,15.89,,,,,,4.1,4.1,9.8,1.5,9.2,11,9.7,11.4,12.2,12.5,12.3,11.9,13.4,2.7,3.8,0,
108,2020-04-23,7.9,2.9,543,12.8,1456,,,,,,,12.9,320,1223,7.9,250,1535,3.7,3232,-3.1,28,1104,47.8,4.9,1005.6,1018.1,3,1013.4,1545,1016,13.5,11.8,1200,3.44,25.72,,,,,,1.6,1.6,12.7,-1.8,10.2,10.8,10.4,11,11.6,12.4,12.3,12.6,13.5,4.2,6,,
108,2020-04-24,9.9,4.1,612,14.3,1409,,,,,,,16,250,1303,8.2,270,1303,3.9,3342,1.1,29,1058,55.6,6.7,1003.1,1016.6,1,1011.4,1649,1013.4,13.5,12,1200,3.5,26.61,,,,,,1.8,1,14.5,-2.1,11.6,11.6,11.6,11.5,11.7,12.3,12.3,12.6,13.5,4.8,6.9,,
108,2020-04-25,13.1,9.9,1,17.1,1447,,,,,,,15,230,1050,7.8,250,1050,3.9,3339,4,45,2033,54.4,8.3,999.3,1013.8,2359,1007.2,1454,1009.5,13.6,8.5,1200,2.71,18.9,,,,,,3.3,1.9,15.7,6.4,13.3,12.7,13.1,12.2,12.1,12.2,12.3,12.6,13.5,3.5,5.1,,
108,2020-04-26,12.3,6.8,612,19,1527,,,,,,,10.8,290,1730,6.5,290,1714,3.2,2776,-1,20,1522,43.1,5.8,1006.9,1020,2334,1013.8,1,1017.2,13.6,12.5,1200,3.64,28.36,,,,,,.8,.6,18.3,1.2,13.8,13.3,13.7,12.8,12.4,12.2,12.3,12.7,13.5,5.4,7.7,,
108,2020-04-27,12.9,8.7,516,18.3,1419,,,,,,,11.2,270,1620,5.5,290,1541,2.8,2422,1.9,25,1400,49.8,7.1,1009.3,1021,2351,1017.9,1446,1019.6,13.6,9.7,1200,3.37,22.98,,,,,,3.4,3.4,17.1,4.6,14.5,14,14.4,13.5,12.9,12.3,12.3,12.7,13.5,4.6,6.6,,
108,2020-04-28,13.9,7.8,555,19.9,1447,,,,,,,10,250,1456,5.5,230,1204,3,2579,2.8,26,1303,50,7.6,1009.4,1022.1,832,1017.3,1723,1019.6,13.7,12.6,1200,3.47,26.97,,,,,,0,0,20.1,1,15.2,14.3,15,13.8,13.3,12.5,12.4,12.7,13.4,5.3,7.6,,
108,2020-04-29,14.9,9.3,559,21,1333,,,,,,,8.6,290,1349,5.2,320,1412,2.6,2205,2.9,25,1635,48.6,7.7,1009,1020.9,913,1017.8,1813,1019.2,13.7,12.2,1200,3.41,26.1,,,,,,.4,0,21.1,3.6,16.3,15.2,16,14.5,13.7,12.6,12.4,12.8,13.4,5.5,7.9,,
108,2020-04-30,17.1,9.3,553,23.4,1459,,,,,,,10,230,2236,5.9,290,1517,2.7,2352,8.2,41,8,57.1,11.5,1005.7,1018.9,136,1012.2,1651,1015.8,13.7,8.2,1200,3.39,24.03,,,,,,5.3,3.9,23,1.1,17.2,15.7,16.7,14.9,14.2,12.8,12.5,12.8,13.4,4.4,6.3,,
108,2020-05-01,20.2,16.4,301,26.2,1450,,,,,,,9.9,290,1752,5.5,290,1726,2.7,2328,15.1,54,1452,73.6,17.2,1003,1014.3,7,1010.6,1641,1012.9,13.8,6.1,1200,3.18,18.96,,,,,,6.6,6.6,25.7,13.7,19.9,17.5,19.2,16.2,14.9,13.1,12.6,12.8,13.4,3.7,5.3,,
108,2020-05-02,20.3,18,328,23.9,1500,.67,0,,0,,0,7.6,290,1437,4.6,230,111,2.3,1985,16.6,62,1445,79.6,18.9,1001.3,1013.6,27,1008.3,2349,1011.2,13.8,.2,1300,1.45,9.43,,,,,,9,7.1,22.7,15.1,19.9,18.4,19.5,17.2,15.8,13.4,12.7,12.8,13.4,1.9,2.8,0,
108,2020-05-03,21.8,17,520,27.4,1459,1.08,0,,0,,0,7.2,140,1224,3.9,160,1242,2,1705,15.3,46,1549,68.8,17.4,996,1008.5,21,1003,1658,1005.8,13.8,5.9,1200,3.28,19.41,,,,,,7,4.9,26.7,12.3,21,18.7,20.3,17.6,16.2,13.7,12.9,12.9,13.4,4.1,5.9,0,
108,2020-05-04,20.2,14.8,2359,25.3,1358,,,,,,,8.7,270,1317,4.6,270,1247,2.7,2310,12.9,44,1604,63.9,15,998.1,1011,2252,1005,213,1008,13.9,10.1,1200,3.48,25.42,,,,,,3.4,2.1,28.9,10.8,22.1,19.8,21.3,18.5,16.9,14.1,13,12.9,13.4,5,7.1,,
108,2020-05-05,16,13.1,519,19.3,1211,,,,,,,8.8,230,1346,5.3,250,1354,1.9,1601,9.9,54,1552,67.9,12.3,1001.5,1013.5,1527,1010.5,1823,1011.6,13.9,3.3,1600,1.95,9.41,,,,,,5.4,1.6,17.1,5.9,18.2,18.9,18.6,18.4,17.4,14.4,13.2,12.9,13.4,2.2,3.2,,
108,2020-05-06,19.4,11.1,546,27.6,1546,,,,,,,8,20,1538,4.4,320,1623,2.1,1850,7.3,19,1541,50,10.3,1003.7,1015.7,817,1010.7,1612,1013.7,13.9,12.8,1200,3.48,28.51,,,,,,1.8,0,26.5,3.9,19.9,18.3,19.2,17.5,16.8,14.8,13.4,12.9,13.4,7,10.1,,
108,2020-05-07,20.7,14.9,541,26.5,1419,,,,,,,9.5,140,930,4.3,90,319,2.5,2167,3.1,20,1331,32.5,7.7,1007.1,1018.8,827,1015.3,34,1017.1,14,8.7,1100,3.49,23.93,,,,,,6.8,1.4,25.7,11.6,20.8,19.2,20.3,18.3,17.2,14.9,13.7,13,13.4,6.1,8.7,,
108,2020-05-08,19.9,14.3,2357,27.3,1423,6.17,.5,2238,1.6,2203,2.3,7.9,290,1529,4.5,290,1514,2.4,2109,.7,11,1159,32.8,6.9,1004.4,1016.9,13,1011.9,1427,1014.4,14,7.5,1100,3.63,23.26,,,,,,7.4,5.4,27.3,11.7,21.6,19.8,20.9,18.8,17.6,15.1,13.9,13,13.4,5.7,8.1,14.5,
108,2020-05-09,14.2,12.7,338,16.8,1623,24,1.4,958,4.7,948,24.4,11,90,333,5.9,90,615,3.6,3085,13.3,76,3,94.4,15.3,994.8,1013.9,1,1001.6,1528,1004.9,14,0,1100,.56,3,,,,,,10,8.1,15.1,11.9,16.9,18.4,17.4,18.3,17.8,15.4,14,13,13.4,.6,.9,13.5,
108,2020-05-10,14.4,12.8,138,16.6,1405,8.42,.3,305,.7,230,1.3,7.1,250,1534,4.1,250,1556,2.5,2183,12.4,78,1800,88.6,14.4,997,1010.1,2334,1004.3,206,1007.1,14.1,.4,1200,1.25,6.77,,,,,,9,9,15.7,12.2,16.5,17.1,16.7,17,17.1,15.6,14.2,13.1,13.4,1.5,2.1,,
108,2020-05-11,16.5,12.4,2358,22,1414,3,1.8,2340,3.8,2323,3.4,10.1,250,1424,5.6,290,1456,3,2622,7.8,27,1312,61,10.8,997.7,1009.9,1,1005.3,1832,1007.8,14.1,7.2,1200,3.47,22.98,,,,,,8.1,4.6,20.2,9.8,18.1,17.5,17.9,17,16.7,15.6,14.4,13.1,13.4,4.8,6.8,4.1,
108,2020-05-12,14.3,10.5,516,18.9,1527,.83,.5,13,.7,1,.7,12.2,230,1641,5.4,320,1907,2.9,2531,8.5,47,1826,69.4,11.1,995.1,1011,2348,1002.7,1529,1005.2,14.1,5,1400,2.03,13.6,,,,,,3.3,3.3,17.6,5.8,16.4,17.2,16.7,17.1,17,15.6,14.5,13.1,13.4,2.7,3.9,,
108,2020-05-13,16.1,10.2,607,21.8,1420,,,,,,,12.1,290,1304,6.5,290,1613,2.8,2459,3.5,24,1520,47.3,8,1005.1,1017.8,2213,1011.1,1,1015.3,14.1,13,1200,3.64,29.7,,,,,,.6,0,20.5,3.9,17.5,17.1,17.3,16.7,16.6,15.7,14.6,13.2,13.4,6.4,9.1,,
108,2020-05-14,19.3,12.4,402,25.4,1346,,,,,,,6.9,290,1352,4.3,340,1557,2,1685,2.8,20,1347,35.4,7.5,1006,1018.9,705,1012.7,2318,1016,14.2,6.6,1300,3.09,20.64,,,,,,8.3,2.6,21.8,7.4,18.7,17.9,18.5,17.4,16.8,15.7,14.7,13.2,13.4,5,7.1,3.2,
108,2020-05-15,16.1,14.1,1052,20.2,426,20.75,.6,919,2.1,838,12,13.2,160,425,5.3,180,432,3,2629,12.2,34,9,81.4,14.5,998.8,1013.6,103,1005.8,1718,1008.8,14.2,0,1100,.82,3.43,,,,,,10,7.6,15.9,13.6,17.2,18,17.5,17.7,17.2,15.7,14.8,13.3,13.4,.7,1,11,
108,2020-05-16,16.7,15,1,20.3,1644,12.67,.2,,.5,556,2.5,4.9,70,10,3.3,90,1,1.6,1364,15,74,1706,90.3,17,996.6,1008.2,1100,1005,1622,1006.7,14.2,.6,1600,1.35,7.6,,,,,,9.5,9.5,18.3,12.8,17.6,17.3,17.4,17.1,16.9,15.8,14.9,13.3,13.4,1.3,1.9,.3,
108,2020-05-17,19.1,14.6,537,24.9,1640,1,0,,0,,0,7.7,340,448,4.3,320,456,1.7,1511,15.4,58,1631,80.1,17.5,995.3,1007.8,500,1002.9,1645,1005.2,14.3,3.9,1300,2.67,15.26,,,,,,7.1,7.1,21.2,14.1,19.3,18.2,18.9,17.6,17,15.9,15,13.4,13.4,2.6,3.6,0,
108,2020-05-18,19.1,13.2,2202,26.8,1429,7,11.5,1603,19.8,1553,29.8,16.4,290,1556,7.2,290,1607,2.4,2093,15.1,46,1436,79.4,17.2,988.4,1003.8,4,992,1446,998.2,14.3,3.2,1300,3.08,14.07,,,,,,8.5,6.6,21.6,12.2,20.3,19.3,20,18.6,17.6,15.9,15,13.4,13.4,2.8,4,35.6,
108,2020-05-19,13,10.1,2355,17.1,1605,6.42,3,1029,9.6,949,19,12.9,70,1503,7.2,70,1436,3.2,2798,8,52,1652,73.6,10.9,990.7,1008.5,2356,996.9,455,1000.8,14.3,3,1200,3.56,15.29,,,,,,7.6,5.4,16.1,6.9,17.1,18.2,17.5,18.2,18,16.1,15.1,13.5,13.4,2.9,4.1,13.2,
108,2020-05-20,14.4,9.2,213,20.1,1427,.58,0,,0,,0,6,50,1207,3,90,2110,1.9,1635,6.6,46,1433,60.4,9.8,1001.7,1014.7,2325,1008.5,1,1011.8,14.3,4.5,1000,3.42,20.91,,,,,,6,4.5,17.3,5.5,17.2,17.4,17.2,17.4,17.4,16.4,15.2,13.5,13.4,3.9,5.5,,
108,2020-05-21,17.4,10.9,519,22.9,1630,,,,,,,6.1,90,539,3.3,90,609,2.1,1830,8.2,40,1551,56.1,10.9,1004.4,1016.4,831,1012.5,1616,1014.5,14.4,9.4,1300,3.24,24.35,,,,,,4.8,3.6,20.5,6.8,18.4,18,18.3,17.6,17.4,16.4,15.4,13.6,13.4,4.1,5.9,0,
108,2020-05-22,18.5,14.8,541,22.7,1541,.5,0,,0,,0,8,160,950,4.9,290,1742,1.9,1616,12.5,55,1554,68.5,14.6,1002.7,1015.1,238,1009.8,1913,1012.7,14.4,.7,1100,1.66,13.07,,,,,,8.6,4,20,9.5,19.2,18.9,19,18.4,17.8,16.4,15.5,13.6,13.4,2.6,3.7,0,
108,2020-05-23,20.1,16.6,545,25,1530,.67,0,,0,,0,8.3,290,1703,4.7,270,1703,2.2,1865,13.2,44,1450,66.1,15.2,1001.1,1012.3,43,1008.8,1840,1011,14.4,6.8,1300,3.37,23.24,,,,,,7.4,4,23.3,12.6,21.1,19.7,20.7,18.8,18,16.5,15.6,13.6,13.4,4.1,5.9,14.5,
108,2020-05-24,17.1,14.3,2319,20.2,1415,9.75,3.4,545,9.9,544,14.5,12.8,270,728,6.5,270,727,2.9,2484,14.4,70,1702,84.8,16.4,999.6,1012.8,2332,1006.1,531,1009.6,14.4,1.1,1300,2.19,10.59,,,,,,8.4,7.4,19,11.6,19.9,19.9,20,19.4,18.6,16.7,15.7,13.7,13.4,1.8,2.6,0,
108,2020-05-25,16.6,13.7,2357,21.3,1513,,,,,,,6,250,1424,3.8,290,1623,2.1,1774,13.1,62,1408,81,15.1,1002.3,1013.8,825,1010.6,1714,1012.3,14.5,2.5,1300,2.14,16.88,,,,,,8.1,4.5,20.3,10.1,19.4,19.4,19.4,19,18.5,16.9,15.8,13.7,13.4,2.8,4,,
108,2020-05-26,16.2,12.7,535,22.9,1400,2.67,1.3,2023,1.5,1955,1.5,8.8,320,1503,5.4,320,1511,2.1,1828,12.8,47,1348,81.9,14.8,999.4,1012.4,1,1007.2,1427,1009.5,14.5,4.8,1100,3.36,18.49,,,,,,7.8,3.1,19.2,9.3,19.4,19.4,19.4,19,18.5,17,15.9,13.8,13.5,3.2,4.6,1.5,
108,2020-05-27,17.4,11.8,602,23.9,1450,,,,,,,9.3,290,1623,5.9,290,1804,2.6,2273,10.9,31,1400,68.5,13.1,999.3,1011,827,1007.7,1632,1009.3,14.5,13.2,1200,3.62,30.06,,,,,,1.5,1,21.4,8.1,20,19.6,19.9,19.1,18.6,17.1,16,13.8,13.5,5.1,7.2,0,
108,2020-05-28,18.7,14.2,529,23.4,1605,.25,0,,0,,0,7.3,270,1332,3.9,290,1338,1.9,1656,10.8,38,1301,62.8,13,999.6,1012.2,2333,1008.3,1421,1009.6,14.5,8.4,1100,3,22.83,,,,,,3.9,3.6,20.5,8.7,,,,,18.9,17.2,16.1,13.9,13.5,4.3,6.2,,
108,2020-05-29,20.7,14.6,546,27.6,1652,,,,,,,6.7,180,1449,4.1,180,1452,2,1705,13.5,38,1656,65.6,15.5,1004.9,1016.9,2238,1012.2,1,1014.8,14.5,12.7,1200,3.66,28.09,,,,,,1.3,.5,24.3,9.8,21.9,20.9,21.7,20,19.2,17.3,16.2,13.9,13.5,5.3,7.6,,
108,2020-05-30,22.6,16.5,530,30,1601,,,,,,,7,340,1724,4.3,320,1725,1.9,1652,12.9,29,1534,57.3,15,1006.1,1018.7,746,1013.6,1627,1016,14.6,11.3,1200,3.67,26.5,,,,,,1.1,.5,27.6,12.4,23.1,22,22.9,21,19.8,17.5,16.3,14,13.5,5.5,7.8,,
108,2020-05-31,21.2,17.6,523,28,1332,1.92,.3,2305,1,2245,1,8.6,340,1857,5.7,320,1901,2.3,2012,13.3,39,1337,63,15.4,1001.4,1015.4,6,1008.6,1526,1011.3,14.6,5,1100,3.39,19.15,,,,,,8.5,3.9,25.7,13.8,23,22.4,23,21.5,20.3,17.7,16.4,14,13.5,4.1,5.9,1.4,
108,2020-06-01,19.7,16.6,528,24.5,1603,3.75,.3,-2357,.3,-2345,.4,12.3,320,1205,6.2,290,1239,3.4,2974,12,37,1609,64.3,14.2,999.7,1010.5,8,1008.5,1525,1009.6,14.6,11.5,1200,3.78,30.35,,,,,,3.8,2.3,26.6,13,23.2,22.4,23.1,21.6,20.5,18,16.5,14.1,13.5,5.9,8.4,,
108,2020-06-02,17.9,14.8,449,21.8,1526,1.83,.8,1129,1.9,1055,2,9.1,160,1340,4.1,250,1629,2.2,1889,12.3,43,1526,71,14.4,997.4,1011.3,1102,1004.7,1705,1007.3,14.6,.2,1300,1.63,5.89,,,,,,9.3,5.4,18.3,9.9,19.9,21.2,20.3,21.1,20.8,18.2,16.7,14.1,13.5,2,2.9,2,
108,2020-06-03,22,17.6,546,28.4,1516,,,,,,,8.8,290,1948,5.6,290,2005,2.4,2061,16.6,47,1609,73.3,18.8,993.9,1005.7,45,1000.6,1650,1003.7,14.6,9.5,1200,3.64,24.64,,,,,,5.8,5.4,27.1,14.6,23,21.3,22.5,20.6,20,18.4,16.8,14.2,13.5,4.5,6.5,.2,
108,2020-06-04,21.9,19.7,2358,26.5,1401,6.75,.1,,.1,,.2,7.7,250,1416,4.7,270,1429,2.7,2334,18.2,57,1323,81.1,21,994.1,1006.6,2339,1002.6,1358,1003.9,14.6,4.7,1200,3.32,19.77,,,,,,8.4,8.4,26.8,17.9,24.1,22.9,23.9,21.9,20.7,18.4,17,14.2,13.5,3.7,5.3,0,
108,2020-06-05,23,18.4,443,28.7,1529,,,,,,,6.7,320,1826,3.8,290,1845,1.8,1593,16.6,45,1533,69.4,18.8,997.2,1008.3,2305,1005.1,1632,1007,14.7,8.8,1300,3,23.36,,,,,,5.5,3.6,29.8,15,24.8,23.5,24.5,22.5,21.3,18.6,17.1,14.3,13.5,4.7,6.8,,
108,2020-06-06,24.6,19.2,541,30.9,1543,,,,,,,7.8,290,1646,4.4,290,1730,2,1685,16.8,38,1551,63.6,19.1,998.1,1010,2348,1005.9,1546,1007.9,14.7,8.6,1100,3.13,23.38,,,,,,2.3,.8,31.4,14.9,25.3,24.1,25,23,21.7,18.9,17.3,14.3,13.6,4.7,6.7,,
108,2020-06-07,22.7,19.2,318,29.2,1545,,,,,,,7.3,180,1105,5.1,200,1110,2.3,1991,16.5,44,1457,69.4,18.8,1001.9,1013.2,2355,1009.8,1532,1011.7,14.7,9.2,1100,3.52,26.04,,,,,,3.3,3,30.2,16.3,25.9,24.6,25.5,23.5,22.1,19.1,17.4,14.4,13.6,5.3,7.5,,
108,2020-06-08,25,19.8,101,32,1529,,,,,,,8.8,290,1759,5.5,290,1824,2.1,1831,17,40,1446,63.6,19.4,1004.6,1016.2,2234,1012.6,1526,1014.4,14.7,11.3,1200,3.28,26.13,,,,,,3,2.6,32.7,17.2,26.8,25.1,26.3,24,22.6,19.4,17.6,14.4,13.6,5.9,8.5,,
108,2020-06-09,26.7,20.3,558,32.8,1502,,,,,,,7.9,340,1622,4.3,290,1538,2.3,1965,15.4,34,1423,51.6,17.5,1004.3,1015.9,528,1012.2,1646,1014,14.7,12.9,1300,3.5,28.36,,,,,,3,0,34.1,15.8,27.1,25.6,26.6,24.5,23,19.7,17.8,14.5,13.6,6.5,9.3,,
108,2020-06-10,25.8,22.5,548,32.1,1356,6.58,.6,1935,2.9,2019,6.2,9.8,270,1755,6.2,340,1747,2,1750,17.7,41,1153,63.8,20.5,998.9,1013.4,1,1005.3,1805,1008.6,14.7,5.2,1100,2.86,18.85,,,,,,9,3.1,32.8,17.4,26.8,25.8,26.5,24.8,23.4,20,18,14.6,13.6,4.1,5.8,6.2,
108,2020-06-11,26.1,21.7,511,31.6,1620,.42,0,,.1,,0,7.2,270,2022,4.6,290,2022,2.2,1935,19.2,38,1528,68.3,22.2,993.7,1005.4,114,1000.8,1645,1003.3,14.7,8,1200,3.72,26.03,,,,,,5.8,3.5,30.1,19.3,27,25.7,26.6,24.7,23.5,20.3,18.2,14.6,13.6,5.8,8.3,,
108,2020-06-12,24.7,21.6,525,27.6,1421,,,,,,,4.7,340,424,3,320,424,1.7,1467,18.4,49,1403,68.6,21.1,995.1,1005.7,1033,1003.7,318,1004.8,14.7,.5,1200,1.4,11.51,,,,,,8.1,3.6,25.8,16.8,25.6,25.5,25.6,24.8,23.9,20.5,18.4,14.7,13.6,2.9,4.1,,
108,2020-06-13,26.9,20.6,541,33.5,1513,.5,0,,0,,0,8.4,290,1946,5,290,1946,1.9,1639,15.7,27,1331,52.8,17.9,994.3,1005.9,853,1001.9,1500,1003.9,14.7,9.7,1200,3.64,28.11,,,,,,5.5,4.5,34.6,16.2,27.5,25.5,26.7,24.5,23.5,20.7,18.6,14.7,13.7,6.5,9.2,1.1,
108,2020-06-14,24,20.1,2355,28.8,1433,3.83,.4,314,1.1,231,1.1,10.1,320,1822,5.9,290,1627,2.9,2510,17.9,41,1306,70.6,20.6,994.3,1007.2,2355,1002.3,645,1004,14.8,8.1,1200,3.41,22.52,,,,,,4.4,3.4,29.6,16.9,27.2,26.3,26.9,25.3,24.1,20.9,18.8,14.8,13.7,4.9,7,,
108,2020-06-15,23,18.2,548,28.6,1500,,,,,,,13.4,250,1538,6.3,290,1616,2.8,2427,14.5,31,1709,62.3,16.7,996.4,1008.1,803,1004.1,1643,1006.1,14.8,10.1,1200,3.32,26.53,,,,,,6,1.1,31.1,13.6,26.4,25.6,26,24.9,24.1,21.1,19,14.9,13.7,6,8.6,,
108,2020-06-16,24.4,20,357,30.7,1527,,,,,,,6.9,250,1652,4.4,270,1651,2.2,1923,16.4,37,1552,63,18.7,995.7,1007,702,1003.4,1559,1005.5,14.8,7.5,1300,3.58,24.74,,,,,,6,3,32.2,17.4,27.3,25.9,26.7,25,24.1,21.3,19.1,15,13.7,5.5,7.8,,
108,2020-06-17,24.3,20.2,533,30.3,1455,,,,,,,7.9,230,1626,4.3,290,1644,2,1701,15.3,37,1340,58.6,17.4,995.3,1006.1,525,1003.3,1458,1005,14.8,5.9,1200,3.47,21.25,,,,,,7.4,0,31.1,14.9,27.3,26,26.7,25.2,24.3,21.4,19.3,15,13.7,4.6,6.6,,
108,2020-06-18,23.4,20.3,541,27.3,1551,,,,,,,5.6,290,1840,3.4,290,1845,1.6,1407,15.4,47,1419,61.4,17.5,993.1,1005.6,7,1000.9,1724,1002.8,14.8,.1,1300,1.58,11,,,,,,9,2,26.7,17.1,25.3,25.3,25.2,24.9,24.3,21.6,19.5,15.1,13.7,2.8,3.9,.1,
108,2020-06-19,24.7,21.1,658,30,1448,1.83,.1,,.1,,.1,7.1,50,56,4.2,290,1901,2.1,1821,16.5,45,1450,61.4,18.8,996.4,1009.5,2238,1002.8,16,1006.1,14.8,6,1100,3.31,19.6,,,,,,6.3,4.5,29.6,18.7,26.6,25.3,26,24.6,24,21.7,19.6,15.2,13.8,4.5,6.4,0,
108,2020-06-20,24.9,20.7,503,29.7,1254,,,,,,,7.9,270,1542,4.6,320,1616,2.1,1853,16.9,48,1226,62.6,19.3,1000,1011.3,715,1008,1744,1009.8,14.8,11.7,1000,2.89,24.75,,,,,,.9,.9,31.9,15.4,27,25.8,26.5,24.9,24.2,21.7,19.8,15.3,13.8,5.3,7.6,,
108,2020-06-21,26.1,19.5,544,32.7,1450,,,,,,,8.4,290,1515,4.5,290,1518,2,1713,17,39,1326,59.5,19.3,998,1009.9,159,1005,1725,1007.7,14.8,13.5,1200,3.42,27.82,,,,,,.1,.1,34.1,15.6,28.3,26.2,27.2,25.3,24.4,21.8,19.9,15.3,13.8,6.2,8.8,,
108,2020-06-22,28.6,21.7,522,35.4,1509,,,,,,,6.7,290,1700,4.1,290,1807,2,1698,16.4,26,1627,50.5,18.8,998,1008.7,754,1006.1,1446,1007.6,14.8,13.3,1200,3.38,28.95,,,,,,1.6,0,36.3,16.1,29.7,27.3,28,25.9,24.8,22,20,15.4,13.8,7.2,10.3,,
108,2020-06-23,27.3,23.2,610,31,1405,.5,0,,0,,0,5.7,250,1428,3.7,250,1430,1.9,1602,16.8,42,1109,53.5,19.2,998.3,1009.6,544,1006.4,2341,1007.9,14.8,5.1,1000,2.7,16.97,,,,,,7.5,3.4,32.1,19.1,28.1,27.6,27.4,26.3,25.4,22.3,20.2,15.4,13.9,4.1,5.8,.3,
108,2020-06-24,22.3,19.9,1250,26.3,1,19.17,2.9,1034,8.5,1105,37.6,10,110,702,5.7,140,1005,2.7,2359,19,55,715,83.5,22,993.1,1006.4,1,1000.7,1800,1002.9,14.8,0,1300,.39,2.91,,,,,,10,5.5,22.7,18.9,24,24.6,25.7,25.5,25.3,22.5,20.3,15.5,13.9,.8,1.2,48.3,
108,2020-06-25,21.6,20.1,2331,23.4,1527,15.33,1.1,132,3.5,120,13.3,7.1,180,1510,4.3,180,2126,2.2,1909,19.9,79,1528,91,23.3,991.8,1003.3,2252,1000.7,53,1001.6,14.8,.1,1400,1.05,6.11,,,,,,10,9,23,19.3,23.1,23.2,23.8,23.8,24.1,22.6,20.5,15.6,13.9,1.2,1.8,4.4,
108,2020-06-26,21.8,19.2,338,25.7,1529,5.83,.4,-2356,.9,-2331,2.1,9.5,200,315,5.3,230,323,3.2,2786,18.4,63,1601,82.1,21.2,996.5,1008.3,2315,1003.1,125,1006.2,14.8,3.1,1500,2.2,13.03,,,,,,8.3,7,22.9,18.5,23.2,23.2,23.6,23.4,23.6,22.4,20.6,15.7,13.9,2.8,4,0,
108,2020-06-27,24.1,20.4,524,29.6,1525,.75,0,,0,,0,8.3,250,1642,5.4,290,1759,2,1696,18.1,52,1446,70.4,20.8,995.5,1008.2,1,1003,1714,1005.2,14.8,7.4,1100,3.06,22.18,,,,,,6.1,2.8,25.2,18.8,24.9,24.6,24.3,23.7,23.4,22.3,20.7,15.7,14,4.6,6.6,,
108,2020-06-28,25.2,21.5,554,30.1,1507,,,,,,,7.7,270,1641,4.7,250,1646,2.4,2059,19.1,49,1458,70.5,22.2,994.8,1006.1,2213,1003.2,1720,1004.3,14.8,12.4,1200,3.53,28.6,,,,,,1.9,1.6,28.6,18.4,26.4,26,25.4,24.5,23.9,22.2,20.7,15.8,14,5.5,7.9,,
108,2020-06-29,23.8,20.6,2357,26.5,1059,5.08,2.6,2356,9.6,2331,11.9,9.9,50,2257,5.9,50,2337,2.4,2069,19.3,64,1105,77,22.4,991.8,1006.1,221,993,2335,1001.5,14.7,1.7,800,1.51,8.4,,,,,,8.6,3.8,23.9,16.9,24.8,24.9,25.4,24.9,24.5,22.3,20.7,15.9,14,1.8,2.6,75.8,
108,2020-06-30,20.1,18.4,507,23.1,1450,18.42,4.7,348,15.9,330,64.7,14.5,50,220,7.6,50,232,4,3443,16.9,63,1640,83,19.3,984.3,1001,2345,989.4,355,994,14.7,0,1300,.98,6.2,,,,,,10,7.9,20.8,16.2,21.2,21.5,22.7,23.1,23.7,22.7,20.8,16,14,1.8,2.6,.8,
108,2020-07-01,21.1,18.1,447,24.3,1642,2.17,0,,0,,0,6.1,320,10,3.7,320,26,1.9,1625,17.2,67,1633,79.3,19.7,995,1008.9,2337,1001,1,1004.8,14.7,.2,1400,1.26,9.47,,,,,,7.6,4.6,21.3,15.8,21.8,21.8,22.3,22.3,22.7,22.7,21.6,16.4,14.1,1.9,2.7,,
108,2020-07-02,24.2,20.4,114,29.8,1635,,,,,,,5.4,230,2110,3.4,270,1802,1.9,1605,19.1,51,1606,74.5,22.1,1000.9,1012.9,2234,1008.8,1,1010.7,14.7,5.4,1200,3.32,19.15,,,,,,6.6,4.9,24.5,16.5,24.4,23.9,23.4,22.8,22.6,22.4,21.5,16.6,14.1,4,5.7,,
108,2020-07-03,25.5,21.6,2400,30.6,1508,1.92,.1,,.5,2330,.1,10.5,140,1446,6.1,160,1527,2.6,2259,17.2,34,1426,63.5,19.8,1000.5,1012.6,16,1007.7,1624,1010.3,14.7,9.6,1200,3.41,27.47,,,,,,6.8,3.8,28.6,18.4,26.2,25.7,25,24,23.3,22.2,21.3,16.6,14.1,6,8.5,1.7,
108,2020-07-04,24.2,20.4,542,29.5,1451,4.83,.3,20,.9,36,1.6,7.4,270,1648,4.4,250,1632,2.1,1808,16.3,39,1403,63.9,18.6,997,1009.8,1,1005,1511,1006.7,14.7,9.5,1200,3.53,26.88,,,,,,7.6,2.9,28.2,18.4,26.4,26,25.7,24.8,24,22.2,21.2,16.6,14.1,5.3,7.6,,
108,2020-07-05,23.8,19.9,521,27.6,1313,,,,,,,5.5,270,1335,3.5,250,1731,1.9,1645,17.4,52,1305,68.6,19.9,994.5,1006.6,245,1001.8,1838,1004.2,14.7,6.4,1200,3.69,20.85,,,,,,5.3,3.5,26.7,15.5,25.9,25.8,25.8,25,24.4,22.4,21.2,16.6,14.2,4.1,5.9,,
108,2020-07-06,25.6,21.8,554,30.9,1605,,,,,,,7.7,340,1711,4.7,320,1711,2.1,1798,18.7,46,1544,66.6,21.5,991.2,1002.6,57,998.6,1625,1000.8,14.7,5,1000,2.63,19.28,,,,,,7.4,6.3,28.5,18.1,26.8,26.3,26,25.2,24.5,22.5,21.2,16.6,14.2,3.9,5.6,0,
108,2020-07-07,24.1,22.1,659,28.1,1647,1.25,0,,0,,0,6.6,320,2206,4,290,1553,2.5,2156,19.4,59,1542,75.5,22.5,994.3,1005.5,2347,1001.9,8,1004,14.6,4,1500,2.75,15.15,,,,,,6.3,5.9,28.3,19.6,26,25.8,26,25.3,24.7,22.6,21.2,16.7,14.2,3.3,4.8,0,
108,2020-07-08,25.5,21.3,536,30.4,1602,,,,,,,6.4,250,1356,3.7,290,1439,2,1754,19.7,52,1638,71.9,22.9,994.8,1005.4,1,1002.7,1705,1004.4,14.6,10,1100,3.51,25.81,,,,,,2.9,2.4,30.5,17.5,27.4,26.7,26.6,25.4,24.6,22.7,21.3,16.7,14.3,5,7.1,,
108,2020-07-09,27.5,21.8,526,32.9,1449,,,,,,,6.3,160,1247,3.6,320,1923,1.7,1480,19.7,38,1502,64.6,22.9,994,1005,643,1001.7,1643,1003.6,14.6,7.7,1200,3.66,23.1,,,,,,4.8,1.9,31.9,18.3,28.6,27.5,27.7,26.1,25,22.8,21.3,16.8,14.3,5,7.1,2,
108,2020-07-10,24.5,22.7,2344,27.7,1,4.67,1,819,1.9,800,2.2,11.3,20,1609,6.6,50,1555,2.8,2451,19.7,60,1,75,23,992.6,1003.6,4,1000.4,1705,1002.2,14.6,3.1,1500,2.76,12.3,,,,,,6.6,3.1,25.2,19.1,26.4,26.2,27.3,26.1,25.4,23,21.4,16.9,14.3,3.1,4.5,.2,
108,2020-07-11,25.8,22.2,432,30.2,1406,,,,,,,10,20,1257,5,50,2043,2.6,2275,17.9,49,1526,62.6,20.5,997.5,1009.9,2320,1002.9,1,1007.1,14.6,6.6,1200,2.9,21.82,,,,,,7.3,5.3,29.7,19.8,27.1,26.3,26.8,25.6,25,23.1,21.5,16.9,14.4,5,7.1,,
108,2020-07-12,23.5,21.7,2319,26,1235,5.42,.3,1702,.9,1644,2.9,7.5,70,2358,3.6,50,2233,2.4,2051,17.8,58,705,71.9,20.6,999.3,1011,835,1007,2315,1009.1,14.6,0,1200,1.23,7.67,,,,,,9.1,3.4,25.3,19.9,25.7,25.2,26.5,25.5,25.1,23.2,21.5,17,14.4,1.8,2.5,19.4,
108,2020-07-13,18.7,17.7,615,21.7,1,22.92,2.2,2220,6.2,2215,47.6,11,50,2100,5.9,50,2121,4,3466,17.8,86,107,94.8,20.3,993,1007.1,1,1001.2,1709,1002.9,14.6,0,1100,.64,4.58,,,,,,10,6.6,20.1,17,22.4,22.4,24.4,24,24.5,23.2,21.6,17,14.4,.9,1.3,42.6,
108,2020-07-14,20.3,17.2,416,24.3,1533,9.83,1.7,51,5.9,-2331,11.5,8.6,50,220,4.4,50,1347,2.8,2391,16.4,62,1545,79.4,18.7,993.9,1005.6,2244,1001.2,256,1003.8,14.5,.1,1300,1.86,12.46,,,,,,9.9,5.6,22.6,16.4,22.1,21.6,23,22.4,23.1,23.1,21.7,17.1,14.5,2.7,3.9,0,
108,2020-07-15,23.4,18.9,547,28.7,1703,,,,,,,6.8,50,1514,3.4,50,1336,2,1687,15.5,40,1623,63.1,17.7,995.5,1006.5,758,1003.4,1755,1005.3,14.5,9.3,1300,3.68,26.6,,,,,,5.1,4.9,26.4,17.6,25,23.6,24.1,23,23,22.9,22,17.2,14.5,5.1,7.2,,
108,2020-07-16,25,20.4,454,29.7,1514,,,,,,,6.2,250,1801,3.5,270,1543,1.8,1562,19.1,55,1256,70.9,22.1,997,1008.1,2338,1004.9,1712,1006.7,14.5,10.2,1100,3.58,25.76,,,,,,4.1,4.1,27.4,17,26.3,25,25.2,24.1,23.6,22.8,21.9,17.3,14.5,4.9,7,,
108,2020-07-17,26,21.5,544,31.6,1433,.58,0,,0,,0,9.6,250,1604,5.6,270,1619,1.9,1660,20.3,52,1430,72,23.8,998.3,1009.1,741,1006.6,1435,1008,14.5,7.5,1300,2.93,22.28,,,,,,4.5,2.3,28.3,18.3,27.2,26.3,25.5,25,24.2,22.8,21.9,17.4,14.6,4.3,6.2,0,
108,2020-07-18,26.1,22.8,529,31,1539,,,,,,,6.4,320,1653,4,290,1657,1.6,1406,20.4,54,1529,71.6,24,998.4,1009.3,812,1006.6,1819,1008.1,14.5,4.3,1400,2.75,15.49,,,,,,5.4,3.6,27.9,20.4,27,26.4,25.9,25.5,24.8,22.9,21.8,17.5,14.6,3.2,4.6,23.1,
108,2020-07-19,24,20.6,904,26.6,2201,5.67,6.6,836,19.3,820,29.1,8.4,110,2148,4.3,50,1033,2.7,2364,20.5,62,58,81.6,24.2,994.9,1008.5,1,1002.1,2400,1004.6,14.4,0,1300,1.05,4.92,,,,,,9.9,7.1,22.9,19.5,25.1,24.7,24.9,25.1,24.9,23,21.8,17.5,14.7,1.4,2,8.8,
108,2020-07-20,23.8,22.4,2217,26.6,212,10.33,.9,321,1.3,231,3.6,13.4,180,601,7,200,610,3.7,3226,21.3,77,1654,86.3,25.4,995.9,1010.8,2350,1001,225,1005.6,14.4,0,1500,.83,5.15,,,,,,9.6,6.3,23.8,20.8,25.2,24.4,24.3,24.4,24.3,23.2,21.9,17.6,14.7,1.4,2,.8,
108,2020-07-21,25,21.4,611,30.5,1533,.83,0,,0,,0,6.6,250,1723,4.2,250,1729,1.6,1392,20.4,51,1547,77,23.9,1001.8,1013,931,1010.3,1530,1011.6,14.4,4,1300,3.02,17.83,,,,,,6.3,4.5,25.6,18.5,25.9,24.9,24.4,24.3,24,23.2,22,17.6,14.7,3.4,4.8,6.5,
108,2020-07-22,23.7,22.6,2222,25.7,1501,11.17,1.6,819,6.2,758,11.5,5.6,160,1655,3.4,140,1633,1.6,1402,21.7,81,1523,89.3,26,999.9,1011.3,1,1008.4,1613,1009.7,14.4,0,1300,.72,4.5,,,,,,9.8,7.3,24,20.2,25.2,24.7,24.6,24.7,24.4,23.1,22.1,17.8,14.8,1,1.5,7.2,
108,2020-07-23,21.1,18.5,2319,22.6,1,22.67,4.5,2028,18.5,1717,103.1,14.9,70,2021,8.3,50,1954,3.6,3136,20.3,89,21,95.5,23.9,995.7,1010.4,629,999.6,1952,1005.5,14.3,0,1300,.45,2.72,,,,,,10,7.6,21.8,17.3,23.5,23,23.4,24,24.2,23.2,22.1,17.8,14.8,1.1,1.6,101.2,
108,2020-07-24,22.5,18.7,1,26.8,1625,8.25,1.1,933,2.3,855,2.9,16.1,50,109,8.7,50,109,4.6,3944,17.6,61,1655,74.3,20.2,989.3,1000.7,2211,997.6,1420,999,14.3,1,1600,1.5,10.46,,,,,,9.3,6.6,21.2,17.3,22.8,21.5,21.6,22.2,22.8,23.6,23.2,20.5,14.9,2.8,4,2.6,
108,2020-07-25,24.3,22.3,235,29,1555,.5,0,,0,,0,11.3,50,1437,6.1,50,1428,3.1,2703,18.2,56,1418,69.3,21,993.6,1006.8,2337,1000.5,25,1003.3,14.3,1.9,1300,2.75,15.59,,,,,,7.8,6.5,23.9,20.1,24.3,23.2,22.8,22.8,22.8,23.2,23,20.3,15.1,4.1,5.9,0,
108,2020-07-26,25.4,21.6,549,29.6,1614,.42,0,,0,,0,5.9,20,53,3.3,50,952,2,1767,19.2,56,1153,69.3,22.3,997.4,1008.4,2344,1006,200,1007,14.3,5.6,1100,2.8,18.14,,,,,,7.4,5.5,25.6,19,25.2,24.3,23.9,23.6,23.3,23,22.7,19.6,15.3,3.2,4.6,.6,
108,2020-07-27,24.3,22.9,611,25.5,1540,16.92,.5,356,.6,306,2.2,5.7,20,1243,3.2,50,1656,2.2,1861,21.8,80,1706,86.4,26.1,998.6,1009.3,1240,1007.4,1837,1008.4,14.2,0,1500,.95,7.72,,,,,,10,7.3,25.2,21.4,25.5,24.8,24.4,24.3,23.9,22.9,22.6,19.2,15.3,1.6,2.3,1.6,
108,2020-07-28,24.4,22.7,548,26.4,1447,10.17,.2,,.3,1614,.4,5.4,70,1219,3.1,50,1256,2,1734,21.5,71,1221,84.8,25.7,1000.5,1011.5,2307,1008.4,1,1010.3,14.2,0,1100,1.18,8.38,,,,,,9.9,4.8,25,21.1,25.4,24.7,24.4,24.3,24,23,22.4,19,15.3,1.6,2.3,8.3,
108,2020-07-29,23.7,22.6,925,24.9,1746,18.17,9.3,903,27.1,902,50.1,6.7,50,524,3.4,70,524,2,1694,22.9,89,34,95.8,28,1002,1012.7,1014,1010.4,356,1011.7,14.2,0,1600,.4,3.18,,,,,,10,7.5,23.9,21.6,24.7,24.1,24,24.1,24.1,23.1,22.4,18.9,15.3,.7,1,42.3,
108,2020-07-30,25.3,23.4,2324,28.4,1439,5.25,.1,,.1,,.1,7.7,180,1351,3.8,200,1342,2.1,1774,22.6,68,1613,85.5,27.4,1003.4,1014.4,2326,1011.5,334,1013.1,14.1,3,1300,2.84,15.34,,,,,,8.3,4.8,26.9,20.6,26.5,25.5,24.7,24.4,24,23.3,22.7,19.5,15.3,3.1,4.4,,
108,2020-07-31,26.2,22.8,635,29.6,1319,2.42,1.2,2355,1.2,2305,1.5,8.2,320,2341,4.6,290,2348,2,1701,22.7,69,1136,81.9,27.7,1003.9,1015.1,717,1012.3,1737,1013.7,14.1,5,1000,2.44,14.5,,,,,,6.9,5,27.2,21.1,26.7,26,25.4,25.1,24.5,23.3,22.6,19.4,15.4,2.5,3.5,3.3,
108,2020-08-01,25.3,24.3,546,26.9,1113,16.5,8.9,1224,23.6,1222,39.1,9,180,1952,4.9,180,1948,1.7,1490,23.6,82,1957,90.9,29.2,1000.5,1013.1,2,1007.7,1748,1010.3,14.1,0,1000,.93,5.31,,,,,,9.8,7.8,25.7,23.1,26.3,25.8,25.5,25.4,24.9,23.4,22.6,19.3,15.4,1.1,1.6,41.5,
108,2020-08-02,24.9,23.5,1855,26.4,1501,23.25,11.1,1534,13.8,1533,31.4,14.6,250,1538,7.5,250,1543,2.3,2002,24.2,90,2349,96.3,30.3,997.8,1009.1,1,1005.4,2041,1007.5,14,0,1000,.39,2.55,,,,,,10,7.8,25.2,22.8,25.9,25.4,25.2,25.3,25,23.7,22.8,19.6,15.4,.7,1,83.8,
108,2020-08-03,25,23.9,2002,26.3,142,19.92,14.9,1920,28.5,836,102.6,14.5,200,21,8.3,180,25,3,2626,24.3,89,118,96.3,30.4,998.4,1010.2,2329,1005.5,116,1008.1,14,0,1400,.65,3.09,,,,,,10,8,25.1,22.8,25.5,25,24.9,25,25,24,23.4,20.5,15.5,.8,1.1,47.8,
108,2020-08-04,27,25,1,29.4,1520,11.67,.9,722,1.8,636,3.9,11,180,1402,5.7,200,724,3.5,3043,25,77,1453,89.3,31.6,1000.9,1012.8,2338,1008.9,218,1010.6,14,.4,1400,1.79,8.06,,,,,,9.6,7,26.9,24.3,26.5,25.7,25.2,25.1,24.9,24.3,23.9,22,16,1.7,2.5,4.1,
108,2020-08-05,26.5,25.5,2346,29.1,1630,12.67,7.3,2337,14.4,2325,18.5,8,200,915,4.6,160,1651,1.9,1654,25.1,81,1648,92.1,31.8,1000.8,1012.7,1,1007.2,2359,1010.5,13.9,.1,1500,.88,5.02,,,,,,9.8,6,26.7,24.3,26.8,26.2,25.8,25.6,25.2,24.2,23.7,21.2,16.4,1,1.5,91.7,
108,2020-08-06,24.1,22.9,2357,26,1644,12.33,6.8,419,19.9,415,75.7,13.1,200,544,6.5,200,545,3.3,2851,22.8,83,1735,92.8,27.7,995.4,1008.7,2348,1000.5,505,1005.1,13.9,.2,1200,1.23,6.74,,,,,,8,7.1,24.8,21.1,25.8,25.3,25.3,25.5,25.6,24.5,24,21.1,16.4,1.3,1.9,.5,
108,2020-08-07,24.3,22.6,628,26.1,1536,2.5,0,,0,,0,6.9,110,1126,3.3,110,1800,1.8,1521,21.5,71,1802,85.3,25.6,996.9,1009.2,252,1004.5,1750,1006.6,13.9,0,1200,1.27,6.7,,,,,,9,7,24.8,20.6,25.5,25,25,25.2,25.2,24.6,24.2,22,16.6,1.7,2.4,0,
108,2020-08-08,24.2,22.7,432,26.1,1628,10.42,1.3,2028,5.9,2026,19.1,7.5,110,1055,3.7,70,852,2.3,1949,22.3,77,1045,89.5,27,993.2,1004.7,1,1001.3,1958,1002.9,13.9,1.8,1600,1.08,6.96,,,,,,9.1,7.3,24.9,20.6,25.3,24.9,24.9,25,25.1,24.5,24,21.2,16.7,1.1,1.5,31.1,
108,2020-08-09,24.9,23.7,1,25.8,2330,20.25,3.9,1107,13.9,1337,50.3,12.4,180,1256,6.8,200,1241,2.6,2278,24,89,2038,95.4,29.9,992.5,1003.4,2323,1001.4,835,1002.2,13.8,0,900,.17,1.43,,,,,,9.8,7.1,24.3,23.1,25.2,24.7,24.7,24.9,25,24.4,23.9,20.8,16.6,.6,.9,41.6,
108,2020-08-10,26.5,24.7,2357,29.5,1331,17.67,10,1615,28.6,1556,44.6,10.2,200,341,4.3,200,348,2,1731,25,78,1226,91.6,31.7,993.8,1004.7,809,1001.7,1515,1003.4,13.8,.2,1100,1.81,7.77,,,,,,9.9,7.4,26.4,23.6,26.5,25.8,25.2,25.1,24.9,24.5,24.3,21.7,16.5,1.5,2.1,138,
108,2020-08-11,24.6,22.4,536,27.3,1333,10.17,6.3,604,23.6,435,97,9.1,250,500,4.7,200,411,2.2,1858,23.2,79,1341,92.5,28.5,999.6,1012.6,2359,1003.7,119,1009.3,13.8,.5,1300,2.57,7.44,,,,,,9.5,7.6,25.2,21.5,25.7,25.1,24.9,25.2,25.6,24.8,24.6,22.8,16.7,1.6,2.3,.3,
108,2020-08-12,27.2,23.5,431,31.3,1405,,,,,,,6.7,200,1834,4.3,200,1840,1.9,1637,24.1,68,1421,83.9,30.1,1002.7,1013.7,700,1010.9,1649,1012.4,13.7,2.1,1300,2.79,13.62,,,,,,8.3,6.1,28.3,21.5,27.3,26.4,25.6,25.5,25.2,24.9,24.6,22.8,17.3,2.7,3.8,,
108,2020-08-13,28,26.3,506,30.3,1557,,,,,,,8.7,200,2026,4.9,200,2050,2.5,2169,24.6,74,1553,82.4,31,999.3,1012.4,1,1006.2,1830,1008.9,13.7,.2,1000,1.25,7.96,,,,,,8.5,6.6,27.4,24.4,27.9,27.2,26.7,26.4,25.8,24.8,24.4,22,17.4,2.1,3,.4,
108,2020-08-14,27.1,26.5,822,28,1147,2.92,.4,753,.4,750,.4,10.9,230,1306,5.7,230,1306,3.5,3065,24.6,81,1715,86.1,30.9,995.8,1006.9,3,1004.4,502,1005.5,13.7,0,1100,.56,4.14,,,,,,9.3,7.3,26.3,24.9,27.3,26.8,26.5,26.4,26.1,24.8,24.3,21.5,17.3,1.1,1.6,44.2,
108,2020-08-15,26.1,25,729,27,1745,17.08,13.1,1300,23.7,552,69,10.5,180,651,5.6,230,655,1.9,1641,25.3,92,1,96,32.3,998.7,1010.1,2101,1006.1,343,1008.4,13.6,0,1500,.65,3.25,,,,,,9.3,8.1,25.9,18.7,26.7,26.2,26.1,26.2,26,24.9,24.2,21.2,17.1,.8,1.2,24.8,
108,2020-08-16,27.4,25.3,533,30.8,1441,,,,,,,10,250,1454,5.2,230,1524,3,2613,24.1,66,1448,82.6,29.9,1001,1012.1,2400,1009.6,1448,1010.6,13.6,2.4,1300,2.42,14.3,,,,,,8.3,6.9,27.9,23.7,27.8,27,26.5,26.3,26,25.2,24.7,22.1,17.1,3.1,4.4,,
108,2020-08-17,28.2,26.1,459,32.2,1602,,,,,,,7.1,320,1711,4.1,290,1657,2.3,1996,23.8,61,1254,77.9,29.4,1003.7,1014.8,1013,1012,2,1013.4,13.5,5.8,1200,3.29,18.44,,,,,,4.4,4.1,29,22.1,28.6,27.8,27.2,26.9,26.3,25.2,24.6,21.9,17.1,3.8,5.4,,
108,2020-08-18,27.5,24,622,31.9,1543,,,,,,,5.4,270,1728,3.6,270,1533,1.6,1375,22.7,56,1734,76.3,27.5,1003.2,1014.7,803,1010.9,1755,1012.9,13.5,7.9,1300,3.21,19.81,,,,,,2.8,2.6,29.1,20.8,28.4,27.7,27.4,27.1,26.7,25.2,24.5,21.6,17.1,4.1,5.8,,
108,2020-08-19,27.1,23.6,514,31.4,1548,,,,,,,7.6,290,1446,4.4,290,1427,2,1727,22.4,61,1440,76.8,27.1,1001.7,1012.9,543,1009.3,1611,1011.3,13.5,9.4,1300,2.76,22.54,,,,,,2.3,2.3,28.6,20.2,28.4,27.7,27.5,27.3,26.8,25.3,24.5,21.4,17.1,4.3,6.2,,
108,2020-08-20,27.7,25,301,31.7,1310,,,,,,,7.1,290,1913,4.2,270,1620,1.7,1457,22.8,58,1414,76,27.8,1002.4,1013.4,805,1010.2,1515,1012.1,13.4,3.1,1100,3.05,15.16,,,,,,6.4,3.3,27.6,21.8,28.6,28,27.6,27.4,26.9,25.4,24.5,21.2,17,3.1,4.5,,
108,2020-08-21,26.6,25.2,543,29.2,1630,4.67,1.6,1247,2.1,1159,2.5,7.4,290,943,3.5,290,947,1.6,1344,23.5,75,1648,83.1,28.9,1003.9,1014.5,938,1012.8,106,1013.7,13.4,.8,1300,2,8.74,,,,,,8.8,6.4,27.6,22.4,27.9,27.5,27.3,27.3,27,25.5,24.5,21.1,17,1.9,2.7,2.5,
108,2020-08-22,24.3,21.7,2342,27.6,1207,6.25,9.7,1227,23,1211,42.6,8.4,90,1259,5.5,340,1259,2.1,1792,21.9,78,1118,87.4,26.4,1002.5,1013.9,1,1010.3,1700,1012.2,13.4,.6,1000,1.11,7.56,,,,,,9,6,25.2,20.1,,,,,26.8,25.5,24.5,21.1,17,1.3,1.8,42.6,
108,2020-08-23,25.3,21.5,45,29.9,1555,,,,,,,6.2,250,1549,3.9,250,1552,1.9,1604,21,59,1517,78.4,24.9,998.7,1010.8,1,1006.4,1747,1008.4,13.3,6.8,1100,2.53,18.72,,,,,,6,5.4,27.2,19.7,26.7,26.2,26.1,26.3,26.4,25.6,24.6,21,17,3.8,5.4,,
108,2020-08-24,27.8,23.7,554,32,1521,,,,,,,8.5,180,1329,4.9,230,1549,2.2,1866,22,54,1545,71.6,26.5,995.2,1007.5,2,1003.2,1631,1004.8,13.3,8.8,1000,2.65,20.25,,,,,,5.9,3.4,28.6,20.9,27.7,27,26.7,26.6,26.4,25.6,24.8,21.1,17.1,4.2,6,,
108,2020-08-25,29.9,26,618,34.5,1452,,,,,,,7.6,180,1456,4.6,320,1722,2.1,1822,23.4,49,1434,69.5,28.8,995,1006,2305,1003.3,1502,1004.5,13.2,7.6,1300,3.16,21.21,,,,,,5.9,3.6,30.5,22.7,29,28.2,27.6,27.2,26.7,25.6,24.7,21.1,17.1,4.8,6.9,,
108,2020-08-26,30.2,27,552,34.5,1553,4.75,.4,2310,.6,2225,.6,13.9,70,2344,6.5,70,2352,3.4,2931,23.4,53,1617,68.3,28.8,992.2,1005.7,1,997.5,2347,1001.7,13.2,7.5,1100,2.96,19.68,,,,,,6.4,3.8,29.3,23.6,29.3,28.7,28.2,27.8,27.2,25.6,24.7,21.1,17.1,5,7.2,6.7,
108,2020-08-27,27.1,25.6,736,28.6,1611,15.08,1.6,635,4.2,632,8.7,15.6,140,535,7,110,510,3.6,3101,24.2,70,31,84.6,30.2,991.3,1005.7,2349,993.8,521,1000.9,13.2,.5,1400,1.14,5.5,,,,,,9.9,7.8,27.2,23.6,27.9,27.5,27.5,27.7,27.3,25.8,24.7,21.1,17.1,1.4,2,10.4,
108,2020-08-28,27.3,26,551,29.7,1228,9.25,4.7,539,6.7,523,13.6,7.4,230,1418,4.4,250,1433,1.6,1411,25.3,77,1231,89.1,32.2,997.3,1009,2254,1005.3,143,1007,13.1,2,1000,1.63,10.18,,,,,,8.9,8.1,28.1,24.3,28.2,27.7,27.4,27.3,27,25.8,24.8,21.1,17.1,2.1,3,5.8,
108,2020-08-29,26.8,25.5,558,29,1612,9.5,3.1,1055,6.5,1052,13.6,7.4,160,1057,4,160,1100,1.3,1122,25,77,1030,90.1,31.7,999.2,1010.5,2220,1007.6,537,1008.9,13.1,1.7,1400,1.38,8.7,,,,,,8.4,7.1,28.7,23.5,28.2,27.6,27.5,27.4,27.1,25.9,24.8,21,17.1,1.4,2,53.4,
108,2020-08-30,26.8,24.4,2348,30.6,1423,11.08,9.9,155,32.5,144,42.5,8.1,50,2311,4.8,50,2253,2.1,1800,24.6,74,1438,88.8,31,1001.6,1013.3,2223,1009.7,1707,1011.3,13.1,2.4,1200,1.92,12.89,,,,,,7.9,6.6,28.1,22.6,28.1,27.6,27.3,27.4,27.2,26.1,25.2,21.1,17.2,2.7,3.8,2.7,
108,2020-08-31,26.4,23.8,107,30,1610,.17,0,,0,,0,8.2,110,1427,4.3,50,24,2.8,2410,22.1,67,1420,77.9,26.6,1002.4,1013.5,944,1010.3,1803,1012.1,13,1.9,1300,2.09,12.25,,,,,,8.8,8,27.2,21.9,27.7,27.3,27.2,27.4,27.3,26.2,25.4,21.9,17.2,2.9,4.2,0,
108,2020-09-01,26.6,23.8,630,29.5,1459,.75,0,,0,,0,7.5,110,9,3.6,90,9,1.9,1627,21.1,62,1321,72.4,25,999.4,1011.9,1,1007.4,1501,1009.1,13,1,1200,2.57,11.35,,,,,,8.8,8,27,21.8,27.6,27.2,27.1,27.2,27.2,26.2,25.4,21.8,17.2,2.4,3.4,.5,
108,2020-09-02,24.3,22.6,2346,26.4,2,20.08,6,1746,20,1736,33.3,7.6,50,1542,4,50,1543,2.3,1970,22.7,79,13,91.3,27.6,993.7,1008,1,994.7,2359,1003.4,13,0,1400,.49,3.34,,,,,,9.6,6.4,25.3,21.8,26.6,26.3,26.6,27,27,26.2,25.3,21.7,17.3,.9,1.2,62.3,
108,2020-09-03,22.7,20,741,25.6,1420,11,1.3,740,5.1,220,29.8,21.5,290,829,9.8,270,722,4.8,4121,19.3,63,1422,82,22.4,987.3,1007.7,2358,986.3,537,997,12.9,2.8,1200,2.31,13.51,,,,,,7.4,6.3,24,17.9,24.7,24.4,24.9,25.7,26.4,26.2,25.5,21.7,17.3,3.3,4.8,.3,
108,2020-09-04,23.3,19.9,325,27.5,1541,,,,,,,9.7,180,358,5.6,200,405,2.7,2316,15.7,39,1623,63.9,17.8,1002.2,1014.6,2308,1007.6,1,1012,12.9,10.1,1200,3.14,21.21,,,,,,1.6,1.6,23.7,15.3,24.6,24.2,24.6,25.2,25.8,26.1,25.8,22.7,17.4,4.5,6.4,,
108,2020-09-05,23.3,19.2,615,27.3,1529,,,,,,,5.8,110,1756,3.5,110,1838,2,1685,16.5,53,1820,66.6,18.8,1003.5,1015.1,726,1011.9,1536,1013.4,12.8,3.3,1100,2.25,14.49,,,,,,8,.9,23.4,15.7,24.5,24.1,24.4,25,25.5,25.9,25.6,22.4,17.5,2.9,4.2,,
108,2020-09-06,21.7,19.5,2252,24.4,1449,8.58,1.5,2244,4.1,2240,6.4,9.7,70,1952,4.8,50,1957,2.7,2301,17.9,62,1233,80,20.5,999.3,1013.2,53,1004.2,2400,1009.1,12.8,0,1000,1.17,7.13,,,,,,9.4,4.6,22.7,17.1,24.1,23.8,24.2,24.8,25.3,25.7,25.4,22.2,17.5,1.8,2.5,28.5,
108,2020-09-07,19.2,17.5,751,20.6,2352,24,1.9,827,8.4,1933,61,15.3,20,1109,7.9,320,1059,4.2,3664,18,84,611,93.5,20.8,983.1,1004.2,1,984.7,1259,992.8,12.8,0,1300,.9,3.37,,,,,,10,6.8,20.1,16.4,21.7,21.6,22.6,23.6,24.9,25.5,25.3,22,17.6,1.2,1.7,38.9,
108,2020-09-08,23.4,20.6,1,26.5,1419,1,0,,0,,0,15.4,250,731,7,250,734,4.2,3616,17.6,50,1310,71.5,20.2,998.7,1012.2,2220,998.8,3,1008.5,12.7,9.5,1200,3.21,21.87,,,,,,5.4,4.8,23.1,17.6,22.8,22.3,22.3,22.9,23.7,25.2,25.4,22.9,17.6,4.4,6.3,.2,
108,2020-09-09,21.1,19,1424,25.3,1258,4.83,.9,1416,1.1,1331,1.3,13.1,320,1327,7.6,320,1332,2.1,1803,18,65,1324,83.4,20.7,999.9,1012,109,1007.7,1556,1009.7,12.7,3.1,1100,2.34,12.29,,,,,,7.6,5.9,22.2,16.1,23.4,23.2,23.3,23.6,24,24.9,25.2,22.9,17.6,2.2,3.1,5,
108,2020-09-10,22.8,18.8,623,27,1537,2.25,2.7,511,3.5,431,3.9,7.3,180,1455,4.2,180,1501,2,1722,17.9,49,1645,75.8,20.5,999.1,1011.5,2337,1007.6,423,1009,12.6,9,1200,2.86,19.17,,,,,,6.3,4.5,24.4,17.1,23.8,23.3,23.3,23.6,24,24.7,25,22.6,17.7,3.7,5.3,,
108,2020-09-11,22.4,19.2,2357,27.1,1219,7.83,.4,2353,1.4,2330,1.2,9.7,110,1342,4.9,50,2045,2.8,2438,16.9,47,1254,72.6,19.3,1004.5,1016.6,2215,1011.5,1,1014.4,12.6,4.5,1000,2.5,12.87,,,,,,7.6,4.1,22.7,16.9,23.7,23.4,23.6,23.9,24.2,24.6,24.8,22.3,17.8,2.8,4.1,6.1,
108,2020-09-12,20.2,18.1,232,23.2,1541,18.58,.6,138,1.8,121,5.7,8,70,229,3.9,50,230,2,1743,17.3,74,1417,83.8,19.7,,,,,,,12.6,0,1200,1.15,7.34,,,,,,9.5,6.3,21.5,16.8,22.9,22.6,22.9,23.5,,,,22.2,17.8,1.5,2.1,.8,
108,2020-09-13,21.5,16.7,618,26.6,1542,,,,,,,6.1,340,1538,3.5,320,1507,1.9,1663,15.6,52,1541,70.4,17.8,1005.7,1017.2,610,1013.7,1522,1015.6,12.5,9.8,1100,3.02,20.53,,,,,,2.8,2.8,24.1,14,23.1,22.6,22.9,23.3,23.6,24.5,24.6,22.1,17.8,3.8,5.4,,
108,2020-09-14,21.3,17.6,622,24.9,1236,.42,0,,0,,0,7.4,290,1728,4.3,290,1732,1.8,1581,17.4,62,1218,79.3,19.9,1004.4,1015.3,921,1012.4,1552,1014.3,12.5,5.7,1100,2.64,13.86,,,,,,4.6,2.8,22.8,12.9,23.1,22.7,23,23.5,23.7,24.3,24.5,22,17.8,2.5,3.5,0,
108,2020-09-15,23,18.9,627,27.7,1429,,,,,,,5.9,160,1346,3.3,180,1447,1.6,1414,18.3,50,1509,76.4,21,1002.6,1014.8,1,1010.6,1900,1012.4,12.4,5.1,1300,2.67,16.56,,,,,,7.5,2.3,23.9,15.3,23.8,23.2,23.2,23.5,23.6,24.3,24.4,22,17.8,3.1,4.4,0,
108,2020-09-16,22.5,21.3,2327,24.9,1248,5.75,.2,,.2,,.3,6.1,180,1445,3.4,200,1451,1.9,1644,18.8,70,1355,79.9,21.7,999.6,1010.9,1,1007.6,1715,1009.4,12.4,.3,1200,1.25,6.21,,,,,,9.4,8.1,22.2,19.1,24.1,23.7,23.7,23.9,23.9,24.2,24.3,21.9,17.9,1.4,2,.3,
108,2020-09-17,21.3,20.1,2333,23.6,1523,,,,,,,6.3,320,1555,3.7,290,1603,2.1,1854,15.2,47,1433,70.3,17.5,1000.2,1011.1,1046,1008.9,1645,1010.1,12.4,.7,1100,1.4,9.35,,,,,,8.4,3.6,21.5,17.1,23.3,23,23.2,23.7,23.8,24.2,24.2,21.9,17.9,2.4,3.4,,
108,2020-09-18,21.5,18.1,705,25.8,1444,,,,,,,12.4,230,1421,6,230,1423,2.8,2453,13.4,35,1331,62,15.5,1002.7,1015.1,2348,1010.6,112,1012.6,12.3,9.8,1200,3.12,21.24,,,,,,3.1,.8,22.4,13,22.7,22.3,22.7,23.2,23.5,24.1,24.1,21.9,17.9,4.8,6.8,.3,
108,2020-09-19,21.2,17.6,2400,26.2,1436,1,.2,,.2,,.3,9.6,290,1640,5.3,270,1637,2.2,1919,11.9,27,1441,59.3,14.3,1004.9,1016.2,2304,1013.2,1641,1014.8,12.3,9.7,1200,3.1,21.25,,,,,,1.5,1.5,21.8,9.6,22.5,22.2,22.6,23.1,22.9,24,24.1,21.8,17.9,4.7,6.8,,
108,2020-09-20,19.7,15.6,630,24.9,1510,,,,,,,8.2,290,1440,4.9,270,1442,2,1700,10.6,33,1440,57.6,12.8,1007,1018.6,2251,1015.5,1608,1016.9,12.2,11.4,1200,3.09,22.19,,,,,,0,0,21.2,9.1,21.6,21.4,22,22.8,22.7,23.9,24,21.8,18,4.5,6.4,,
108,2020-09-21,19.1,13.6,609,25.3,1449,,,,,,,5.3,160,1238,2.9,160,1239,1.7,1433,9.6,33,1612,56.1,12,1008.1,1019.9,1022,1016.4,1646,1018.1,12.2,9.6,1200,2.97,19.54,,,,,,4.5,.1,20.6,7.3,21.3,21.1,21.6,22.4,22.4,23.8,23.9,21.8,18,4.1,5.8,,
108,2020-09-22,20.2,15.5,618,25.6,1454,,,,,,,9.2,110,2102,4.6,50,2138,2.8,2400,10.5,35,1354,55.3,12.7,1008.7,1020.4,925,1016.5,1646,1018.6,12.2,10.7,1200,3.05,21.71,,,,,,3.1,.9,21.8,10.5,21.3,21.1,21.6,22.2,22.1,23.7,23.9,21.8,18,4.9,7.1,,
108,2020-09-23,19.2,15.2,521,23.8,1359,,,,,,,9.5,50,1707,5.3,50,1344,3.3,2879,11.1,50,1605,59.9,13.3,1008.2,1019.4,46,1016.8,1415,1018.2,12.1,7.2,1100,2.67,16.99,,,,,,7.6,2.3,20.8,10.7,21.4,21.1,21.6,22.2,22.1,23.5,23.8,21.8,18,4,5.8,,
108,2020-09-24,20.6,16.8,606,25.4,1340,,,,,,,10.8,20,1223,5.7,50,1236,3.7,3175,12.4,49,1325,59.6,14.4,1005.3,1017.8,1,1013.1,1600,1015.2,12.1,8,1200,2.88,18.54,,,,,,6.6,5.5,22,15.1,21.7,21.4,21.7,22.1,22.5,23.4,23.7,21.7,18.1,4.2,5.9,,
108,2020-09-25,20.1,16.6,426,25.4,1433,,,,,,,8.4,50,1553,4.9,50,1518,2.5,2120,12.9,49,1441,64.1,14.9,1003.7,1015.7,2304,1011.8,1506,1013.6,12.1,3.5,900,2.39,13.39,,,,,,4.9,3.4,21.5,12.6,21.9,21.6,21.8,22.3,22.6,23.3,23.6,21.7,18.1,3.2,4.5,,
108,2020-09-26,19.3,14.8,537,24.8,1458,,,,,,,10.5,20,1617,6.2,50,1619,2.4,2114,11.7,45,1311,62.5,13.7,1006.7,1018.9,2343,1015.1,301,1016.7,12,8,1000,2.52,15.92,,,,,,4,1.4,20.4,10,21.1,20.8,21.4,22,22.4,23.2,23.5,21.7,18.1,3.6,5.2,,
108,2020-09-27,20.4,14.9,640,25.8,1340,,,,,,,5.6,320,1804,3.9,320,1808,2,1731,12.8,43,1503,63.3,14.8,1008.5,1020.2,913,1016.4,1705,1018.4,12,9.8,1200,2.98,18.7,,,,,,1.1,1.1,21.4,12.2,21.2,20.8,21.2,21.8,22.2,23.1,23.4,21.7,18.1,3.7,5.2,,
108,2020-09-28,20.7,15.7,528,26.5,1451,,,,,,,6.1,250,1454,3.6,270,1704,2,1733,13.7,40,1433,66,15.7,1006.5,1018.8,726,1014.2,1827,1016.4,11.9,10.5,1100,2.79,19.29,,,,,,1.1,.6,22,11.1,21.5,21.2,21.5,21.9,22.2,23,23.4,21.7,18.2,3.8,5.4,,
108,2020-09-29,19.6,15.3,626,23.9,1623,,,,,,,6.8,250,1148,4.3,290,1216,1.9,1614,13.1,43,1248,67.6,15.1,1001.6,1015,1,1009.2,1552,1011.6,11.9,6.3,1100,2.38,14.84,,,,,,6.8,0,20.7,10.3,21.4,21.1,21.5,22,22.3,23,23.3,21.6,18.2,2.8,4,,
108,2020-09-30,19.6,16.2,647,25.7,1358,2.67,15.3,1840,34,1824,38.3,6,250,1849,4.1,250,1848,1.7,1509,15.3,48,1418,78,17.4,1000.6,1012,2320,1009,1457,1010.6,11.8,4.9,1300,2.63,14,,,,,,7.1,3.8,21.1,12.7,21.3,20.9,21.3,21.8,22.2,22.9,23.2,21.6,18.2,2.6,3.7,38.3,
108,2020-10-01,18.8,15.6,620,23.6,1445,,,,,,,8.7,200,1714,4.7,230,1705,2.1,1781,14.1,58,1454,74.9,16.1,1003.4,1014.7,1045,1011.8,36,1013.3,11.8,2.5,1300,1.82,10.89,,,,,,5.5,3.6,19.6,13.5,20.7,20.3,20.7,21.3,21.5,22.8,23.1,21.6,18.2,2.1,3,,
108,2020-10-02,19.2,16.3,353,21.9,1130,.75,0,,0,,0,9.7,180,1030,5.2,180,1034,2.3,1959,15.5,63,1140,79.6,17.7,1004.6,1015.4,2320,1013.7,1343,1014.6,11.8,1.9,1000,1.94,6.34,,,,,,9.1,8.6,18.5,12.8,20.3,19.9,20.4,21,21.4,22.7,23.1,21.6,18.2,1.4,2,0,
108,2020-10-03,19.9,18.3,2338,23.2,1230,1.08,0,,0,,0,5.6,270,1518,3.6,270,1522,1.6,1379,14.5,46,1525,72.5,16.7,1004.9,1017,954,1013.6,1912,1014.8,11.7,1.8,1100,2.37,9.79,,,,,,8,5.9,19.8,15.7,21.1,20.6,20.7,21.1,21.3,22.5,23,21.6,18.3,2.2,3.2,0,
108,2020-10-04,16.6,10.6,2350,21.8,1330,3.75,0,,0,,0,13.7,320,1802,7.2,320,1803,2.8,2427,9.8,42,1244,65.1,12.4,1002.7,1016.1,2338,1008.8,1642,1012.7,11.7,4.3,1100,2.29,12.36,,,,,,7.1,2.8,17.8,7,20.3,20,20.5,21.1,21.4,22.4,22.9,21.5,18.3,2.8,4,0,
108,2020-10-05,13.3,8.5,537,18.4,1555,,,,,,,10,320,1524,5.1,290,1352,2.5,2181,4.8,40,1410,57.3,8.6,1007.9,1020.5,2310,1016.1,1,1018.2,11.6,10.5,1200,2.92,19.44,,,,,,2.3,.4,14.5,2.9,17.3,17.4,18.6,19.9,20.9,22.3,22.8,21.5,18.3,3.6,5.1,,
108,2020-10-06,14.2,9.3,627,19.7,1529,,,,,,,7.8,250,1124,4.1,290,1114,2,1746,4.9,34,1420,55.9,8.7,1012.2,1024.9,2322,1020.5,1,1022.5,11.6,10.8,1200,2.88,19.81,,,,,,2.5,0,14.6,4,16.9,16.8,17.9,19,20.1,22.2,22.7,21.5,18.3,3.8,5.4,,
108,2020-10-07,16,9.9,705,22,1558,,,,,,,7.1,160,1350,3.4,50,1359,1.9,1673,4.6,24,1603,48.9,8.5,1015.8,1027.7,941,1023.9,1550,1026,11.6,8.9,1200,2.64,16.99,,,,,,3.8,1.1,14.9,5.8,17.1,16.9,17.7,18.7,19.7,21.9,22.6,21.5,18.3,3.7,5.3,,
108,2020-10-08,17.2,12.1,621,23.1,1511,,,,,,,9.7,50,1723,5.4,50,1729,3.1,2648,7,35,1632,53,10.1,1016.7,1029,845,1024.6,1625,1026.9,11.5,10.8,1200,2.82,19.27,,,,,,.1,.1,15.9,8.5,17.6,17.3,17.9,18.7,19.5,21.6,22.5,21.5,18.3,4.6,6.6,,
108,2020-10-09,17.2,12.4,527,23.3,1508,,,,,,,9.5,110,1240,5.2,50,1518,3,2561,7.5,42,1510,53.4,10.4,1013.2,1026.9,1,1020.5,1739,1023.4,11.5,10.6,1200,2.78,18.55,,,,,,4.6,.1,16.6,6.8,17.7,17.4,18,18.8,19.5,21.4,22.4,21.4,18.4,4,5.8,,
108,2020-10-10,16.9,12.3,543,21.5,1344,,,,,,,6.8,110,920,3.8,20,1116,2,1749,8.8,41,1329,60.1,11.3,1009.7,1022.3,3,1017,1831,1019.8,11.4,7.6,1100,2.52,15.28,,,,,,5.3,1.3,16.6,6.6,18,17.7,18.2,18.9,19.5,21.3,22.2,21.4,18.4,2.9,4.2,,
108,2020-10-11,16.9,12.7,634,20.8,1155,,,,,,,6.6,50,238,4.1,50,244,1.8,1594,10.9,52,1156,68.5,13,1006.1,1018.5,749,1013.8,1612,1016.2,11.4,4.9,1100,2.45,11.45,,,,,,5.8,.5,16.1,9.7,18.2,17.9,18.3,18.9,19.5,21.1,22.1,21.4,18.4,2,2.8,,
108,2020-10-12,16.2,12.1,2356,21.3,1411,,,,,,,7.5,200,1523,4.6,250,1544,2.2,1912,10,48,2045,68.6,12.5,1005.2,1018,2349,1013.5,1402,1015.3,11.4,7.5,1200,2.06,13.59,,,,,,2.6,1,16.8,8,18.3,18,18.3,18.9,19.4,21,22,21.4,18.4,2.7,3.9,,
108,2020-10-13,13.6,8.6,627,18.4,1459,,,,,,,8,320,1315,4.7,270,1319,2.2,1911,3.5,30,1608,52.3,7.9,1010.7,1023.1,2154,1018,1,1021,11.3,7.1,1200,2.33,14.16,,,,,,3.5,0,14.2,1.4,16.6,16.6,17.5,18.5,19.3,20.9,21.8,21.3,18.4,2.8,4,,
108,2020-10-14,12.8,8.5,2400,18,1327,,,,,,,9.4,250,1413,5.8,270,1500,2.4,2052,1,20,1350,47,6.9,1014.6,1026.7,2340,1022.8,1,1025,11.3,5.8,1300,2.19,12.19,,,,,,6.6,2.9,14.3,5.1,16.2,16.2,16.9,17.9,18.8,20.8,21.7,21.3,18.4,3.2,4.6,,
108,2020-10-15,11.7,6.5,644,18.5,1433,,,,,,,5.5,290,39,3.7,270,47,1.5,1284,-1.1,27,1531,41.8,5.7,1015.8,1028,823,1024.1,1525,1026.2,11.3,7.2,1200,2.4,14.48,,,,,,6.6,0,13.1,1,15.2,15.1,16.1,17.2,18.3,20.6,21.6,21.3,18.4,2.9,4.2,,
108,2020-10-16,11.8,8.6,615,15.4,1425,,,,,,,3.9,290,1328,2.5,50,754,1.5,1320,5.1,48,17,64.3,8.9,1013.7,1026.3,854,1021.9,1741,1024.1,11.2,0,1300,.94,5.28,,,,,,7.6,4.3,12.5,3.5,15,14.8,15.7,16.8,17.9,20.4,21.5,21.2,18.5,1.2,1.6,,
108,2020-10-17,13.1,8.7,702,18.6,1508,,,,,,,7.2,250,1528,4.3,270,1353,1.8,1595,5.6,26,1553,64.3,9.2,1013,1024.8,2235,1021.6,1638,1023.4,11.2,10.1,1200,2.66,17.65,,,,,,1,1,13.1,2,15,14.8,15.6,16.6,17.5,20.1,21.4,21.2,18.5,3.3,4.7,,
108,2020-10-18,13.6,7.2,630,20.2,1352,,,,,,,7.1,270,1507,3.9,290,1529,2,1746,6.9,40,1557,65.5,10,1013.6,1026,900,1021.9,1521,1023.9,11.1,9.7,1100,2.46,15.96,,,,,,.5,.5,12.9,1.7,14.9,14.7,15.5,16.5,17.4,19.9,21.2,21.2,18.5,2.8,4,,
108,2020-10-19,15.1,9.8,700,21.3,1440,,,,,,,6,250,1522,3.4,250,1655,1.7,1457,10.1,38,1559,74.4,12.4,1014.7,1026.6,2332,1023,1442,1025,11.1,9.8,1200,2.37,15.27,,,,,,0,0,14.3,2.9,15.8,15.4,15.9,16.6,17.3,19.7,21.1,21.1,18.5,2.7,3.8,,
108,2020-10-20,15.2,9.9,647,21.7,1413,,,,,,,4.9,290,1434,3.1,250,1438,1.6,1341,8.5,38,1658,67.1,11.2,1015.4,1028.8,903,1022.7,1738,1025.7,11.1,10,1200,2.44,15.67,,,,,,.4,0,14.5,3.7,15.9,15.6,16.1,16.8,17.5,19.6,20.9,21.1,18.5,2.9,4.1,,
108,2020-10-21,14.1,11.8,301,17.3,1529,,,,,,,6.2,180,1504,3.8,160,1511,1.9,1653,8.5,58,1206,69.4,11.1,1008.6,1023.5,11,1015.7,2339,1018.9,11,.1,1100,.78,4.72,,,,,,7.3,4.3,13.7,6.6,15.7,15.5,16.1,16.8,17.5,19.5,20.8,21.1,18.5,1.2,1.7,0,
108,2020-10-22,13.5,8.4,2344,18.2,1451,1.25,0,,0,,0,10.4,340,2020,5.7,320,2028,2.8,2436,6.8,40,1520,66,10.2,1003.5,1015.7,1,1011.4,1528,1013.7,11,5.4,1300,2.03,11.01,,,,,,4.6,3.6,15.2,5.6,15.9,15.7,16.1,16.7,17.3,19.4,20.7,21,18.5,2.7,3.9,,
108,2020-10-23,8.6,5.4,713,13.3,1515,,,,,,,10,270,1337,5.5,290,1321,3,2566,-1.1,34,1549,51.5,5.6,1004.9,1017.1,2356,1013.6,1420,1015.3,10.9,9.9,1200,2.57,17.01,,,,,,0,0,10.7,.6,13.5,13.7,15,16.2,17.2,19.2,20.5,21,18.5,3,4.3,,
108,2020-10-24,8.7,3.2,705,14,1538,,,,,,,11,290,1242,5.9,290,1212,2.5,2150,-2.3,27,1328,47.6,5.3,1008.7,1020.9,929,1016.8,7,1019.1,10.9,9.9,1200,2.54,16.65,,,,,,0,0,9.4,-1.6,12.1,12.3,13.7,15.1,16.5,19.1,20.4,20.9,18.5,3.1,4.4,,
108,2020-10-25,11.8,5.4,708,18.2,1345,,,,,,,6.3,250,1123,3.8,250,1318,1.7,1483,4,29,1507,62.5,8.3,1009.9,1021.7,902,1018.3,1501,1020.2,10.9,8.8,1100,2.21,13.83,,,,,,2.8,0,10.9,1.6,12.8,12.7,13.5,14.7,15.9,18.9,20.3,20.9,18.5,2.4,3.4,,
108,2020-10-26,12.9,8,618,19,1354,,,,,,,6.7,290,1409,4.4,320,1417,1.6,1406,7.4,42,1408,71.6,10.3,1009.8,1021.8,849,1018.3,1533,1020.1,10.8,9.2,1200,2.16,13.69,,,,,,1.6,.1,11.9,3.2,13.8,13.5,14,14.9,15.8,18.6,20.2,20.8,18.5,2.2,3.2,,
108,2020-10-27,14,9,653,19.4,1431,,,,,,,5.7,290,1411,3.4,320,1516,1.8,1573,9,39,1456,74.1,11.6,1010.9,1022.4,2238,1020,1629,1021.2,10.8,8.3,1200,2.04,12.23,,,,,,1.1,1.1,13.2,6,14.4,14.1,14.5,15.2,15.9,18.4,20,20.8,18.5,2.1,3.1,,
108,2020-10-28,13.8,8.6,2359,18.2,1442,,,,,,,9.1,320,1449,4.8,270,1507,2.5,2196,2.8,23,1619,52.1,8.2,1012.6,1025.1,2236,1021.1,1414,1022.8,10.8,9.2,1200,2.54,15.27,,,,,,3.8,.9,13.8,2.1,15.3,15,15.2,15.8,16.2,18.3,19.9,20.7,18.5,3.6,5.1,,
108,2020-10-29,10.8,5.5,703,16.1,1328,,,,,,,7.2,340,112,4.5,320,104,2,1694,-2.6,24,1535,40.3,5.1,1013.7,1026.2,825,1022.3,1705,1024.1,10.7,9,1200,2.39,13.77,,,,,,3.1,0,11.5,-1.5,13,13.1,14.1,15.2,16.2,18.2,19.7,20.7,18.5,2.9,4.2,,
108,2020-10-30,11.9,5.8,731,19.6,1512,,,,,,,5.6,110,1053,3.2,90,1101,1.5,1284,-.8,22,1517,42.9,5.8,1015.2,1027.2,2313,1023.7,45,1025.5,10.7,9.7,1200,2.31,14.62,,,,,,.4,0,11.2,1.6,12.9,12.8,13.7,14.7,15.7,18.1,19.6,20.6,18.5,3.1,4.4,,
108,2020-10-31,13.6,8.5,649,18.2,1431,,,,,,,10.2,200,1408,5,230,1414,2.6,2235,5.9,51,2,60.3,9.3,1013.9,1027.2,219,1021.5,2236,1024.3,10.7,5.8,1100,2.13,11.03,,,,,,6.1,3.6,12.9,5.2,13.6,13.2,13.7,14.6,15.5,18,19.5,20.6,18.5,2.3,3.3,1.7,
108,2020-11-01,13.7,11.6,2359,15,1,7.17,,,,,13.6,10.8,160,909,4.5,200,808,2.3,1947,10.9,56,1,84.3,13.2,1009.2,1021.8,1,1017.7,1406,1019.5,10.6,0,1100,.31,1.61,,,,,,8.6,6.4,13.1,6.8,14.6,14.2,14.5,15.1,15.7,17.8,19.4,20.5,18.6,.6,.8,11.9,
108,2020-11-02,10.8,7.9,701,15.6,1432,2.33,,,,,1.7,8.7,290,1452,4.9,250,1455,2.3,2006,1.7,24,1437,58.3,7.1,1010.1,1022.3,910,1019.1,2307,1020.4,10.6,9.6,1200,2.33,14.6,,,,,,3,2,10,2.4,12.7,12.6,13.5,14.6,15.5,17.7,19.3,20.5,18.5,3.2,4.5,2.2,
108,2020-11-03,5.1,2.7,623,8.6,1,.83,,,,,.5,15.6,290,1155,8.4,290,1156,3.5,3032,-5.4,33,1446,47.5,4.1,1011.9,1024.1,2147,1019.6,1,1022.5,10.6,9.2,1200,2.56,15.22,,,,,,1.5,1.5,6.1,-1.1,10.2,10.4,12,13.5,15,17.6,19.2,20.4,18.6,2.6,3.8,,
108,2020-11-04,4.9,.2,714,10.8,1602,,,,,,,7.4,250,27,4.2,290,1045,2.3,1965,-7.1,20,1256,43.9,3.7,1015.2,1028.2,917,1023.9,12,1025.9,10.5,9.6,1200,2.43,15.36,,,,,,0,0,5.2,-2.9,8.1,8.2,9.9,11.8,13.8,17.4,19.1,20.4,18.6,2.7,3.8,,
108,2020-11-05,9.6,3.4,657,15.9,1541,,,,,,,4.5,50,757,3,180,1415,1.8,1559,2.3,41,1411,61.5,7.3,1016.7,1029.1,847,1025.2,1537,1027.2,10.5,8.4,1200,2.22,12.77,,,,,,5.3,4.3,10.5,-1,9.6,9.2,10,11.3,13,17,18.9,20.3,18.6,2.2,3.1,,
108,2020-11-06,13.5,9.9,657,17.2,1445,,,,,,,5.3,180,1501,3.3,200,1525,1.7,1478,6.4,49,1145,63.3,9.8,1010.9,1026.1,1,1018.5,1643,1021.2,10.5,.3,1200,1.01,5.65,,,,,,8.9,8.3,12.5,8.6,12.4,11.8,11.8,12.3,13.2,16.7,18.7,20.3,18.5,1.3,1.9,.1,
108,2020-11-07,14.6,12.2,2312,18.1,1433,.42,,,,,.1,10.1,250,1539,4.9,270,1539,2.7,2349,8.4,38,1629,68.8,11.2,1007.6,1019.3,2250,1016.2,1348,1017.8,10.4,7,1200,1.89,11.01,,,,,,3.6,3.4,14.6,7.9,13.9,13.3,13.2,13.5,13.8,16.4,18.6,20.2,18.5,2.5,3.5,,
108,2020-11-08,8.5,3.1,2359,12.4,26,,,,,,,12,340,1948,6.2,320,1950,3.1,2636,-4.6,18,1551,43.8,5,1012.3,1026.3,2228,1019,18,1022.8,10.4,9.5,1200,2.36,14.66,,,,,,0,0,9.9,-.9,11.7,11.7,12.6,13.5,14.2,16.4,18.4,20.2,18.5,3.3,4.7,,
108,2020-11-09,5.5,.7,708,8.9,1258,,,,,,,6.9,290,1050,4,290,1046,1.8,1562,-7.2,23,1221,40.9,3.7,1015.2,1027.5,900,1024.1,1700,1025.8,10.3,6,1200,2.2,10.48,,,,,,2.4,2.4,5.6,-4.5,9.1,9.2,10.5,12.1,13.5,16.3,18.2,20.1,18.5,2,2.8,,
108,2020-11-10,7.7,3.5,649,12.9,1505,,,,,,,8,250,1550,5,290,1231,2.2,1872,-.9,34,1243,56.1,5.8,1017.9,1030.4,2311,1026,1,1028.5,10.3,9.6,1200,2.21,13.61,,,,,,0,0,7.9,-2.1,9.3,9.2,10.1,11.4,12.7,16.2,18.1,20.1,18.5,2.4,3.4,,
108,2020-11-11,9.3,3.5,718,16.5,1448,,,,,,,4.1,180,1452,2.6,180,1458,1.6,1362,-.2,31,1415,53.5,6.1,1021.3,1033.4,845,1030.3,1,1031.9,10.3,9.6,1200,2.1,12.96,,,,,,0,0,8.7,0,9.6,9.4,10.1,11.2,12.4,15.9,18,20,18.5,2.3,3.3,,
108,2020-11-12,10.4,4.6,704,17.7,1331,,,,,,,6.2,180,1348,3.4,200,1353,1.7,1460,1.6,30,1405,56.9,6.9,1019.9,1032.5,123,1027.8,1600,1030.4,10.3,9.4,1200,2.09,12.27,,,,,,2,1,9.2,1,10.1,9.8,10.4,11.3,12.3,15.6,17.8,20,18.5,2.3,3.3,,
108,2020-11-13,12.2,8.5,613,17.6,1444,,,,,,,4.9,200,1418,3,250,1421,1.6,1421,6.9,44,1610,71.5,10,1018.2,1029.9,1000,1026.7,1510,1028.6,10.2,5.5,1200,1.88,8.92,,,,,,3,3,12.1,4.1,11.5,11,11.1,11.8,12.4,15.4,17.6,19.9,18.5,1.6,2.3,,
108,2020-11-14,12.5,6.8,725,19.3,1459,,,,,,,6.7,110,1227,4,110,1248,1.7,1434,5.8,38,1447,66.9,9.2,1018.9,1031.5,854,1027.8,1503,1029.3,10.2,8,1200,2,11.58,,,,,,1.3,0,10.9,2.8,11.5,11.2,11.4,12.1,12.7,15.3,17.5,19.8,18.5,2.1,3,,
108,2020-11-15,11.1,8.2,709,14.9,1519,,,,,,,6.2,290,1424,3.7,290,1143,1.7,1480,6.7,61,1611,75,9.8,1017.1,1028.9,902,1026.3,1711,1027.5,10.2,6.8,1100,1.83,9.52,,,,,,3.4,1.3,10.2,3.7,11.6,11.3,11.6,12.3,12.8,15.2,17.3,19.8,18.5,1.4,2,,
108,2020-11-16,12.4,7.5,733,18.3,1438,,,,,,,6.2,70,2222,4.1,50,2304,1.6,1395,6.6,45,1511,70.1,9.8,1015.9,1028.4,931,1024.3,1648,1026.3,10.1,8.4,1200,1.89,10.76,,,,,,2.1,0,10.9,3.5,11.5,11.2,11.5,12.2,12.8,15.2,17.2,19.7,18.5,2.1,3,,
108,2020-11-17,15.9,11.7,429,20,1413,2.08,,,,,.1,6.9,50,126,4.5,50,108,2.3,2017,9.7,52,1405,67.5,12.2,1013.2,1026.1,3,1021.4,1507,1023.4,10.1,1.3,1300,1.29,5.7,,,,,,7.4,5.6,13,9.3,13.1,12.4,12.2,12.5,12.9,15.1,17.1,19.6,18.5,1.3,1.9,6.4,
108,2020-11-18,16.6,14.8,235,18.7,1439,10.83,,,,,12.2,6,20,1159,3.6,50,1050,2.6,2233,15.1,77,1,91.4,17.2,1005.5,1021.6,15,1009.3,2358,1015.6,10.1,0,1000,.44,2.63,,,,,,9.8,5.6,15.3,13.6,14.9,14.2,13.7,13.6,13.6,15.1,17,19.6,18.5,.6,.9,89.9,
108,2020-11-19,13.6,6.9,2343,19.1,255,14.17,,,,,86.9,13.4,180,516,7.3,230,834,4.2,3657,12,78,2025,90.5,14.9,998,1013.9,2321,1003.2,1123,1008.1,10.1,0,1400,.26,.96,,,,,,9.8,8.4,14.6,5.9,16,15.5,15.2,15.1,14.6,15.2,16.9,19.5,18.5,.6,.8,2.9,
108,2020-11-20,2.8,.3,2356,7,1,4.5,,,,,0,9.7,320,211,5.6,270,231,3.2,2797,-1.3,68,1446,74.3,5.6,1009.3,1025.7,2348,1013.8,1,1020,10,0,1400,.5,2.74,,,,,,6.6,5.9,6.2,-1.8,10.6,10.9,12.4,13.7,14.7,15.2,16.3,19.4,18.5,.7,1,,
108,2020-11-21,6.5,-.3,252,12.8,1428,1.67,,,,,.2,8.1,90,1227,4.8,50,450,2.1,1844,.7,48,1436,67.9,6.6,1013.1,1026.5,903,1021.5,1845,1023.7,10,6.6,1100,2.06,10.52,,,,,,6.1,2.8,6.5,-2.6,8.5,8.3,9.5,11.1,12.8,15.3,16.4,19.3,18.4,1.5,2.2,5,
108,2020-11-22,5.6,1.5,2349,9.1,1,8.83,,,,,4.8,9.5,290,1822,5.7,290,1823,2.5,2160,2.5,66,1532,80.5,7.4,1012.4,1026.8,2351,1020.7,1434,1023,10,.4,1400,.73,3.61,,,,,,7.8,6,7.3,-.5,9.6,9.4,10.1,11.1,12.3,15.1,16.5,19.3,18.4,.8,1.2,0,
108,2020-11-23,1.7,-1.5,738,5.9,1546,,,,,,,8,320,245,4.9,320,241,2.3,2023,-5.2,36,1342,61.4,4.2,1017.8,1030,2341,1026.6,6,1028.6,10,9.2,1200,2.08,12.35,,,,,,.3,0,2.9,-3.7,6.6,6.7,8.2,9.9,11.5,14.8,16.5,19.2,18.4,1.6,2.3,,
108,2020-11-24,2.9,.2,113,6.4,1627,,,,,,,5.3,290,1918,3.8,290,1920,1.8,1558,-5.4,39,1631,54.5,4.1,1018,1030.2,918,1027.3,1536,1028.8,9.9,1.3,1100,1.22,6.33,,,,,,6.1,4.8,3.5,-2.5,6.2,6.1,7.2,8.8,10.6,14.5,16.4,19.1,18.4,1.1,1.6,,
108,2020-11-25,4.6,0,732,9.5,1349,,,,,,,4.9,290,1257,3,290,1323,1.5,1282,-1.8,45,1159,64.1,5.4,1017,1029.1,924,1026.1,1736,1027.7,9.9,4.6,1100,1.75,8.32,,,,,,5.4,3.1,3.5,-3.3,6.1,5.9,6.8,8.2,9.9,14.1,16.3,19.1,18.4,1.2,1.7,,
108,2020-11-26,5.6,1.9,802,10.9,1435,,,,,,,6.3,320,1813,3.6,340,407,1.7,1488,-.4,42,1424,66.5,5.9,1016.5,1028.5,926,1025.3,1439,1027.2,9.9,6.6,1200,1.84,9.8,,,,,,5.5,2.3,4.4,-.7,6.4,6.2,7,8.2,9.7,13.7,16.1,19,18.4,1.5,2.1,0,
108,2020-11-27,4.1,.6,2348,7.7,1310,.17,,,,,0,9,270,1437,5.3,250,1218,2.7,2331,-2.8,44,1535,61.6,5,1015.4,1028.1,2349,1024.3,1259,1026.1,9.9,5,1200,1.72,8.52,,,,,,4.9,4.6,4.9,-1.7,6.7,6.5,7.2,8.3,9.6,13.4,15.9,18.9,18.4,1.5,2.2,,
108,2020-11-28,-.1,-2.3,734,2.8,1445,,,,,,,8.7,290,1258,5.3,290,1304,2.8,2453,-9.5,30,1305,50,3,1018.3,1031.4,1027,1027.8,1633,1029.3,9.8,9,1200,2.07,11.89,,,,,,2.9,.5,1.2,-5.2,4.5,4.6,6,7.6,9.3,13.2,15.7,18.9,18.4,1.6,2.3,,
108,2020-11-29,-.6,-3.6,613,2.6,1356,,,,,,,7.4,290,1923,4.5,290,1426,2.2,1892,-7.5,52,958,59.6,3.5,1019.3,1033,2229,1028.1,158,1030.2,9.8,1.5,1200,1.15,5.61,,,,,,4.1,4.1,.7,-7,3.8,3.8,5,6.6,8.5,12.9,15.5,18.8,18.3,.9,1.3,,
108,2020-11-30,-.2,-3.6,609,4.3,1454,,,,,,,6.6,250,1324,4.6,290,1301,1.9,1683,-7.8,38,1515,57.8,3.4,1024.1,1037.2,2304,1032.9,105,1035.1,9.8,9.1,1200,1.98,11.55,,,,,,0,0,.4,-7.6,2.9,2.9,4.2,5.9,7.9,12.5,15.3,18.8,18.3,1.5,2.1,,
108,2020-12-01,1.1,-3.6,729,6.7,1358,,,,,,,6.1,250,1449,4,250,1415,1.9,1644,-10.1,24,1423,44.5,2.8,1024.7,1038.4,930,1033.5,2251,1035.6,9.8,7.3,1200,1.94,10.69,,,,,,4.4,.4,.3,-7,2.8,2.7,3.8,5.4,7.4,12.2,15.1,18.7,18.3,1.8,2.6,,
108,2020-12-02,2.4,.5,2337,6.1,1431,,,,,,,5.6,290,1500,3.9,290,1506,1.8,1518,-9.5,25,1354,41.4,3,1020.2,1033.9,2,1028.9,1519,1031,9.8,3.4,1300,1.37,6.38,,,,,,6.6,4,2.2,-2.7,3.9,3.5,4.2,5.4,7.1,11.8,14.8,18.6,18.3,1.4,2.1,,
108,2020-12-03,.7,-2.3,2350,4.2,1359,,,,,,,8.3,250,1553,4.9,320,2055,2.7,2333,-9.4,36,1410,47.1,3,1019.1,1031.6,2224,1028.5,1451,1030,9.7,9.1,1200,1.98,11.52,,,,,,1,0,1.2,-5.1,3.4,3.2,4.1,5.4,7,11.5,14.6,18.6,18.3,1.7,2.4,,
108,2020-12-04,-.6,-4.6,701,4.4,1518,,,,,,,6.8,270,1532,4.3,250,1535,1.8,1558,-9.3,30,1435,53.8,3,1019.6,1031.9,828,1028.7,1416,1030.5,9.7,9,1200,1.99,11.62,,,,,,.9,.6,-.3,-8.8,2.3,2.3,3.4,4.9,6.7,11.2,14.3,18.5,18.3,1.5,2.2,,
108,2020-12-05,2.1,-2.2,724,6.6,1207,,,,,,,6.3,290,1258,3.9,320,1234,1.7,1506,-4.2,51,1146,63.1,4.5,1019.1,1031.4,928,1028.6,1557,1029.9,9.7,5.1,1100,1.72,8.18,,,,,,5.6,3.5,.5,-4.8,2.5,2.2,3.1,4.5,6.3,11,14.1,18.4,18.2,1.1,1.6,,
108,2020-12-06,4.5,1.2,750,9.1,1349,,,,,,,7.7,270,1505,4.3,270,1507,1.8,1539,-1.3,46,1245,66.9,5.6,1017.4,1029.8,12,1026.6,1315,1028.1,9.7,6,1200,1.71,8.37,,,,,,4.3,4.3,2.1,-3.1,3.9,3.4,3.7,4.7,6.2,10.7,13.9,18.3,18.2,1.2,1.8,,
108,2020-12-07,3.4,-.7,2354,6.3,1253,,,,,,,10.2,340,1555,5.6,290,1314,2.6,2206,-4.5,37,1523,57.5,4.5,1017.6,1029.9,2354,1026.6,1424,1028.3,9.7,7.4,1200,1.57,8.93,,,,,,3.8,2.5,3.1,-3.8,4.4,4,4.5,5.3,6.5,10.5,13.7,18.2,18.2,1.6,2.3,,
108,2020-12-08,-.5,-3.5,540,4.1,1408,,,,,,,6.3,320,132,3.9,320,820,2,1711,-10.1,28,1430,50,2.9,1018.2,1030.8,729,1027.6,1404,1029.1,9.7,8.7,1200,1.98,11.4,,,,,,.4,0,.1,-7.1,2.8,2.7,3.7,5,6.5,10.3,13.4,18.2,18.2,1.6,2.3,,
108,2020-12-09,1.5,-4.1,654,6.2,1346,,,,,,,4.6,50,833,3,50,842,1.5,1308,-6.7,35,1158,55.1,3.8,1015.9,1029.5,218,1024,2400,1026.7,9.7,5.9,1200,1.78,8.48,,,,,,4.5,2.3,-.3,-7.3,2.1,1.9,2.9,4.3,6,10.2,13.3,18.1,18.2,1.2,1.7,0,
108,2020-12-10,5.8,3.2,756,9.3,1500,2.58,,,,,0,6.5,180,1505,3.5,250,1451,1.7,1451,.7,57,57,69.9,6.5,1011.8,1024.3,29,1021,1450,1022.4,9.6,1.1,1200,1,4.74,,,,,,7.8,7.3,3.9,-1.3,4.5,3.8,3.7,4.5,5.8,10,13.1,18,18.1,.8,1.1,,
108,2020-12-11,5.3,2.6,712,9.4,1342,,,,,,,7.7,270,1652,4.5,250,1549,1.8,1531,1.4,57,1339,77.1,6.8,1009.1,1022.4,311,1017.8,1449,1019.7,9.6,2.4,1300,1.26,5.85,,,,,,6.5,4.4,3.3,-2.9,4.9,4.4,4.6,5.3,6.3,9.8,12.9,17.9,18.1,1,1.5,,
108,2020-12-12,2.3,-.3,629,6.1,1432,,,,,,,8.7,290,1451,4.8,290,1457,2.1,1798,-7.1,32,1450,51.3,3.6,1009,1020.7,936,1018.6,2216,1019.7,9.6,8.6,1200,1.8,10.22,,,,,,1.8,.8,1.8,-4.7,4,3.8,4.4,5.4,6.5,9.7,12.7,17.8,18.1,1.6,2.3,1.9,
108,2020-12-13,-1.1,-6,2350,2,229,7.58,,,,,2.9,11.4,290,1930,6.1,290,1833,2.9,2529,-5.1,52,57,74.9,4.4,1008.4,1025.7,2344,1014.3,1217,1019.2,9.6,1.1,1500,.66,1.9,3.2,1000,3.2,1000,3.3,5.4,4.9,.5,-10.3,3,2.8,3.7,4.9,6.2,9.7,12.6,17.7,18.1,.6,.9,1,
108,2020-12-14,-7.7,-9.7,742,-5,1454,,,,,,,9.8,320,1418,5.3,290,1410,3.4,2953,-16.7,31,1430,49.1,1.7,1018.3,1031.7,2341,1025.6,1,1029.6,9.6,8.9,1200,2.03,11.44,,,1.7,1,,0,0,-1.9,-13.8,1.1,1.2,2.5,4.1,5.7,9.6,12.5,17.6,18.1,1.2,1.6,,
108,2020-12-15,-8.3,-11.1,756,-4.6,1524,,,,,,,9.1,320,1455,5.2,320,1450,2.8,2394,-18.9,28,1300,43,1.4,1020.5,1033.7,1000,1030,1528,1031.8,9.6,9,1200,2.01,11.61,,,1,1,,0,0,-3.7,-14.7,.3,.3,1.6,3.2,5.1,9.4,12.3,17.5,18,1.2,1.7,,
108,2020-12-16,-8.3,-11.2,559,-3.9,1526,,,,,,,8.3,290,1324,4.6,290,1406,2.6,2258,-18.7,29,1528,43.9,1.4,1020.6,1033.1,1049,1030.7,1642,1031.9,9.6,9,1200,1.99,11.44,,,.8,1,,0,0,-4.3,-14.7,-.2,-.2,1,2.7,4.5,9.2,12.2,17.4,18,1.2,1.7,,
108,2020-12-17,-4.9,-11.1,454,.8,1531,1.08,,,,,0,5.6,320,1149,3.7,290,1151,1.7,1478,-14.9,24,1507,47,2,1019.6,1033,135,1028,2342,1030.7,9.6,9,1200,1.96,11.15,,,.7,1,,2.3,2.3,-3.7,-14.9,-.4,-.5,.6,2.3,4.2,8.9,12,17.3,18,1.3,1.8,.2,
108,2020-12-18,-2.1,-6.4,2343,1.8,1425,7.58,,,,,.2,9.9,340,2030,5.4,320,2034,3,2566,-9.7,34,1928,57,3,1017.7,1032.2,2332,1026.7,511,1028.7,9.6,5.5,1300,1.72,8.45,.2,455,.6,455,.2,4.1,3.3,-1.3,-8.9,.2,-.2,.5,2,4,8.6,11.9,17.2,17.9,1.3,1.8,,
108,2020-12-19,-5.1,-9.6,728,-1.2,1540,,,,,,,9.3,320,1413,5.1,290,1422,2.4,2067,-15.5,26,1151,45.1,1.9,1022.4,1035.6,1011,1031.9,1,1033.6,9.6,9,1200,1.94,11.27,,,,,,1.4,1.1,-3.5,-13.2,-.3,-.4,.5,2,3.7,8.4,11.7,17.1,17.9,1.3,1.9,,
108,2020-12-20,-3.7,-8.2,714,1.1,1549,,,,,,,7.6,320,1302,4.4,290,1303,2,1734,-13,29,1149,50.4,2.3,1021.6,1034.1,320,1031.1,1429,1032.7,9.6,9.1,1200,1.95,11,,,,,,0,0,-3.3,-12.9,-.3,-.5,.3,1.8,3.6,8.2,11.5,17.1,17.9,1.3,1.9,,
108,2020-12-21,-1,-6,738,4.7,1500,,,,,,,6.7,340,1347,3.7,250,1444,1.6,1415,-7.2,40,1225,64.1,3.6,1018.4,1031.5,1,1027.9,1618,1029.4,9.6,8.8,1200,1.81,9.99,,,,,,.9,.6,-2.4,-9.4,-.1,-.5,.2,1.6,3.4,7.9,11.3,17,17.9,1.2,1.7,,
108,2020-12-22,2,-2.5,219,7.2,1444,,,,,,,9.3,250,1500,4.7,270,1326,2,1735,-3.7,42,1449,67.6,4.7,1015.3,1028.4,1,1024.4,1433,1026.1,9.6,5.2,1300,1.52,7.83,,,,,,4.8,4.1,-.4,-6.1,.2,-.3,.2,1.6,3.3,7.7,11.1,16.9,17.8,1.2,1.6,,
108,2020-12-23,4.5,-.4,440,8.5,1441,.25,,,,,0,9.1,230,1537,5.1,230,1527,2.3,2005,.6,62,1321,76.6,6.5,1011.3,1026.4,15,1018.2,2333,1022,9.6,1.7,1200,1.29,4.6,,,,,,7.8,6,.4,-4,.5,-.2,.3,1.5,3.2,7.6,10.9,16.8,17.8,.9,1.3,0,
108,2020-12-24,2.6,-2,2340,6.1,108,,,,,,,11.7,290,1321,6.5,290,1311,2.9,2546,-4.4,35,1213,61.5,4.6,1007.8,1021.4,2351,1016.6,508,1018.5,9.6,7.9,1200,1.85,9.82,,,,,,1.3,1.3,.7,-5.3,.6,-.1,.3,1.6,3.2,7.4,10.8,16.7,17.8,1.6,2.3,,
108,2020-12-25,-.8,-4.7,755,3.5,1420,,,,,,,9.1,270,1407,4.7,290,1456,2.1,1791,-9.7,34,1059,51.9,3,1012.8,1025.1,1045,1020.9,52,1023.7,9.6,9,1200,1.91,10.88,,,,,,.1,.1,-1.4,-9.1,.5,-.1,.4,1.6,3.1,7.3,10.6,16.6,17.7,1.5,2.1,,
108,2020-12-26,2.2,-2.1,404,8,1443,,,,,,,6.7,250,1417,3.9,270,1422,1.8,1575,-3.7,49,1455,65.8,4.7,1013.5,1026.4,949,1022.8,1430,1024.3,9.6,8.2,1200,1.67,8.99,,,,,,3,2,-.6,-6.5,.5,-.1,.5,1.6,3.1,7.1,10.4,16.5,17.7,1.3,1.8,,
108,2020-12-27,5.8,1.4,1,10,1412,1.75,,,,,0,5,70,1429,2.8,50,833,1.8,1569,-.9,48,1457,62.9,5.8,1011,1024,249,1018.7,1428,1021.6,9.6,5.9,1100,1.64,8.12,,,,,,7.5,4.9,1.4,-.9,.7,.2,.7,1.7,3.1,7,10.3,16.4,17.7,1.2,1.7,1.3,
108,2020-12-28,6.7,4.2,826,11.4,1344,1.33,,,,,1.3,5.9,270,1840,3.1,290,1738,1.4,1226,1.7,45,1618,72.1,6.9,1012.6,1024.9,1047,1021.3,4,1023.1,9.6,8,1200,1.77,9.12,,,,,,5.3,2.4,2.7,-.6,2.6,1.6,1.4,2.1,3.3,6.9,10.1,16.3,17.6,1.3,1.9,,
108,2020-12-29,.1,-6.2,2356,4.3,6,6.25,,,,,.2,10.2,290,2034,6.1,320,2046,2.9,2464,-4.7,40,2040,70.8,4.6,1011,1024,311,1020.5,2229,1021.9,9.6,0,1100,.35,1.98,,,,,,8.5,5.5,-.1,-6.6,2.1,1.6,2,2.7,4,6.9,10,16.2,17.6,.8,1.1,.2,
108,2020-12-30,-10.9,-12.9,2222,-6.2,1,,,,,,,10.6,290,1021,6.2,270,34,4.1,3529,-18.1,41,1525,55.5,1.5,1012.5,1027.5,2356,1021,7,1023.8,9.6,8.3,1200,2,11.36,,,,,,.8,.8,-4.4,-14,.6,.5,1.3,2.4,3.7,6.9,9.9,16.1,17.6,.9,1.3,,
108,2020-12-31,-8.9,-12.9,116,-5,1512,.33,,,,,0,7.4,320,1406,4.2,250,1452,2.4,2105,-16.6,42,1244,53.9,1.7,1015.4,1028.2,357,1024.5,1731,1026.6,9.6,6,1200,1.84,9.06,,,,,,.4,.3,-5,-14.5,-.5,-.5,.5,1.8,3.2,6.9,9.8,16,17.5,.8,1.2,0,
